구직신청번호,성별,나이,학력공통코드,학력공통코드명,희망근무지역(시도)_1,희망근무지역명(시군구)_1,희망근무지역명(시도)_2,희망근무지역명(시군구)_2,희망직종공통코드,희망직종공통코드명,희망직종경력년수,희망직종경력년_월수,구직인증상태공통구분,구직인증상태공통구분명,검색키워드1,검색키워드2,검색키워드3,검색키워드4,검색키워드5,등록일시,수정일시
H117202307112815,남,62,J00110,대학_대학교,서울,강동구,서울,,561100,청소원,,신입,J03402,승인,,,,,,30:57.0,31:00.0
H117202307112803,남,66,J00104,중학교,경기,하남시,서울,강동구,542002,"건물 경비원(청사,학교,병원,상가,빌딩,공장 등)",,신입,J03402,승인,,,,,,25:47.0,25:52.0
H117202307112802,남,63,J00106,고등학교,경기,고양시,서울,,542002,"건물 경비원(청사,학교,병원,상가,빌딩,공장 등)",,신입,J03402,승인,,,,,,20:50.0,20:56.0
H117202307112790,남,68,J00110,대학_대학교,서울,강동구,서울,송파구,542002,"건물 경비원(청사,학교,병원,상가,빌딩,공장 등)",,신입,J03402,승인,,,,,,12:26.0,12:33.0
H117202307112771,남,68,J00106,고등학교,서울,강동구,서울,송파구,26301,총무 및 일반 사무원,,신입,J03402,승인,,,,,,07:38.0,07:42.0
H311202307112706,여,67,J00110,대학_대학교,서울,노원구,서울,,29901,도서 정리원,,신입,J03402,승인,,,,,,43:11.0,43:16.0
H116202307112652,남,69,J00102,초등학교,서울,성북구,서울,,561100,청소원,,신입,J03402,승인,,,,,,29:26.0,29:31.0
H316202307112619,여,61,J00106,고등학교,서울,강서구,서울,,890000,제조 단순 종사원,,신입,J03402,승인,,,,,,20:26.0,20:31.0
H117202307112609,남,62,J00104,중학교,서울,송파구,서울,강동구,542002,"건물 경비원(청사,학교,병원,상가,빌딩,공장 등)",,신입,J03402,승인,,,,,,17:21.0,17:26.0
H321202307112608,남,54,J00110,대학_대학교,서울,관악구,서울,,550104,재가 요양보호사,6,6년0월,J03404,알선,봉천동,,,,,15:23.0,15:29.0
H309202307112596,여,63,J00106,고등학교,서울,성북구,서울,강북구,550104,재가 요양보호사,8,8년0월,J03402,승인,,,,,,12:43.0,12:47.0
H121202307112490,여,55,J00104,중학교,서울,동대문구,서울,중랑구,561101,"건물 청소원(공공건물,아파트,사무실,병원,상가,공장 등)",1,1년0월,J03402,승인,,,,,,52:02.0,52:06.0
H114202307112449,남,71,J00104,중학교,서울,구로구,서울,영등포구,542002,"건물 경비원(청사,학교,병원,상가,빌딩,공장 등)",,신입,J03402,승인,,,,,,43:05.0,43:09.0
H101202307112428,남,66,J00110,대학_대학교,서울,마포구,,,562900,기타 서비스 단순 종사원,1,1년0월,J03402,승인,영어,중국어,,무역사무,회계사무,36:21.0,36:26.0
H318202307112427,여,58,J00106,고등학교,서울,금천구,,,561101,"건물 청소원(공공건물,아파트,사무실,병원,상가,공장 등)",1,1년0월,J03402,승인,,,,,,35:43.0,35:47.0
H315202307112396,남,70,J00106,고등학교,서울,양천구,서울,영등포구,561101,"건물 청소원(공공건물,아파트,사무실,병원,상가,공장 등)",1,1년0월,J03404,알선,,,,,,30:38.0,30:41.0
H310202307112385,남,54,J00110,대학_대학교,서울,도봉구,서울,,550104,재가 요양보호사,2,2년0월,J03402,승인,운전1종보통,야간,저녁,,,27:01.0,27:06.0
H001202307112333,남,66,J00106,고등학교,서울,,경기,하남시,158202,소방시설?설비 시공 기술자,,신입,J03402,승인,,,,,,14:24.0,37:24.0
H306202307112329,남,77,J00102,초등학교,서울,동대문구,,,562300,주차 관리?안내원,,신입,J03402,승인,,,,,,13:55.0,14:00.0
H324202307112308,여,60,J00106,고등학교,서울,,,,550104,재가 요양보호사,7,7년0월,J03404,알선,,,,,,10:20.0,10:24.0
H001202307112291,남,28,J00110,대학_대학교,서울,,부산,,135001,정보보호 전문가,,신입,J03402,승인,,,,,,06:12.0,35:28.0
H309202307112283,남,70,J00106,고등학교,서울,강북구,서울,,562300,주차 관리?안내원,,신입,J03402,승인,,,,,,04:33.0,04:37.0
H305202307112262,여,61,J00102,초등학교,서울,광진구,서울,중랑구,550103,시설 요양보호사(노인요양사),,신입,J03404,알선,,,,,,00:50.0,00:56.0
H313202307112250,남,65,J00108,전문대학,서울,서대문구,,,542002,"건물 경비원(청사,학교,병원,상가,빌딩,공장 등)",0,0년5월,J03404,알선,,,,,,58:24.0,58:29.0
H101202307112245,남,69,J00106,고등학교,서울,서초구,서울,,622902,승합차 운전원,,신입,J03402,승인,,,,,,56:50.0,56:55.0
H305202307112232,남,67,J00110,대학_대학교,서울,광진구,서울,,542002,"건물 경비원(청사,학교,병원,상가,빌딩,공장 등)",,신입,J03404,알선,,,,,,55:01.0,55:06.0
H310202307112207,여,62,J00106,고등학교,서울,도봉구,서울,,550104,재가 요양보호사,1,1년6월,J03402,승인,,,,,,51:27.0,51:30.0
H001202307112202,여,24,J00110,대학_대학교,,,,,231102,사회복지사(공공행정),,신입,J03402,승인,,,,,,50:47.0,53:57.0
H313202307112191,남,57,J00104,중학교,서울,서대문구,,,622901,승용차 운전원(자가용 운전원),30,30년0월,J03402,승인,,,,,,46:07.0,46:13.0
H320202307112168,남,75,J00102,초등학교,서울,동작구,서울,서초구,561101,"건물 청소원(공공건물,아파트,사무실,병원,상가,공장 등)",1,1년0월,J03402,승인,,,,,,42:18.0,42:22.0
H313202307112161,여,63,J00106,고등학교,서울,서대문구,,,561101,"건물 청소원(공공건물,아파트,사무실,병원,상가,공장 등)",,신입,J03402,승인,,,,,,41:13.0,41:18.0
H301202307112157,남,72,J00110,대학_대학교,서울,강서구,서울,종로구,622901,승용차 운전원(자가용 운전원),,신입,J03402,승인,,,,,,40:42.0,40:45.0
H313202307112151,여,46,J00110,대학_대학교,서울,서대문구,서울,,29506,사무 보조원(일반사업체),15,15년1월,J03402,승인,,,,,,40:06.0,40:10.0
H313202307112139,여,48,J00108,전문대학,서울,서대문구,서울,,28100,무역 사무원,3,3년0월,J03402,승인,,,,,,38:27.0,38:34.0
H303202307112138,남,74,J00106,고등학교,서울,용산구,서울,,562900,기타 서비스 단순 종사원,,신입,J03402,승인,,,,,,38:11.0,38:15.0
H313202307112137,여,64,J00106,고등학교,서울,서대문구,서울,,532300,주방 보조원,,신입,J03402,승인,,,,,,36:56.0,37:00.0
H313202307112136,여,46,J00106,고등학교,서울,서대문구,서울,은평구,550104,재가 요양보호사,,신입,J03402,승인,,,,,,36:03.0,36:08.0
H313202307112133,여,22,J00106,고등학교,서울,서대문구,서울,,29506,사무 보조원(일반사업체),,신입,J03402,승인,,,,,,35:41.0,35:46.0
H313202307112127,여,29,J00110,대학_대학교,,,,,29500,전산자료 입력원 및 사무 보조원,,신입,J03402,승인,,,,,,34:52.0,34:57.0
H313202307112126,여,59,J00110,대학_대학교,서울,서대문구,서울,,29505,사무 보조원(공공기관),,신입,J03402,승인,,,,,,34:38.0,34:42.0
H320202307112120,여,58,J00106,고등학교,서울,동작구,서울,,561101,"건물 청소원(공공건물,아파트,사무실,병원,상가,공장 등)",,신입,J03404,알선,,,,,,33:52.0,33:57.0
H307202307112115,남,70,J00110,대학_대학교,서울,중랑구,서울,,542002,"건물 경비원(청사,학교,병원,상가,빌딩,공장 등)",,신입,J03402,승인,,,,,,32:29.0,32:34.0
H313202307112112,여,45,J00106,고등학교,서울,서대문구,서울,,29505,사무 보조원(공공기관),,신입,J03402,승인,,,,,,31:45.0,31:50.0
H309202307112109,남,69,J00106,고등학교,서울,강북구,서울,노원구,542001,아파트?빌라 경비원,10,10년0월,J03402,승인,,,,,,31:18.0,31:24.0
H321202307112107,남,63,J00110,대학_대학교,서울,,서울,관악구,542002,"건물 경비원(청사,학교,병원,상가,빌딩,공장 등)",,신입,J03402,승인,,,,,,31:05.0,31:11.0
H313202307112092,여,54,J00106,고등학교,서울,서대문구,,,550104,재가 요양보호사,5,5년0월,J03402,승인,재가요양,,,,,28:06.0,28:11.0
H301202307112091,남,69,J00106,고등학교,서울,강서구,,,541903,주차 단속원 및 안전 순찰원,,신입,J03402,승인,,,,,,26:24.0,26:30.0
H313202307112071,여,62,J00110,대학_대학교,서울,서대문구,,,413201,사서,,신입,J03402,승인,,,,,,23:47.0,23:50.0
H310202307112043,여,62,J00104,중학교,서울,도봉구,서울,,531200,한식 조리사,20,20년0월,J03402,승인,,,,,,19:40.0,19:44.0
H306202307112034,남,65,J00106,고등학교,서울,동대문구,경기,구리시,813105,금형제조 보조원,10,10년0월,J03402,승인,시설,영선,내선전기,경비,장애인복지,18:50.0,18:56.0
H301202307112021,남,80,J00102,초등학교,서울,,,,541903,주차 단속원 및 안전 순찰원,,신입,J03402,승인,,,,,,14:11.0,14:16.0
H325202307112009,여,65,J00108,전문대학,서울,강동구,,,550104,재가 요양보호사,0,0년1월,J03402,승인,,,,,,11:56.0,12:00.0
H309202307111993,여,60,J00106,고등학교,서울,강북구,서울,도봉구,550104,재가 요양보호사,,신입,J03404,알선,,,,,,09:05.0,09:09.0
H303202307111988,여,68,J00104,중학교,서울,용산구,서울,,550104,재가 요양보호사,5,5년0월,J03402,승인,,,,,,07:49.0,07:53.0
H001202307111963,여,33,J00108,전문대학,서울,강남구,서울,,305000,영양사,7,7년6월,J03402,승인,대기환경,영양사,운동,환경,,02:30.0,06:03.0
H315202307111934,여,68,J00104,중학교,서울,강서구,서울,,561101,"건물 청소원(공공건물,아파트,사무실,병원,상가,공장 등)",2,2년0월,J03404,알선,,,,,,55:08.0,55:12.0
H310202307111932,남,71,J00100,관계없음,서울,도봉구,서울,,561101,"건물 청소원(공공건물,아파트,사무실,병원,상가,공장 등)",,신입,J03402,승인,청소,,,,,54:44.0,54:49.0
H311202307111909,남,76,J00110,대학_대학교,,,,,158203,소방공사 감리 기술자,8,8년0월,J03402,승인,,,,,,50:03.0,50:10.0
H304202307111902,여,60,J00106,고등학교,서울,성동구,,,550104,재가 요양보호사,,신입,J03404,알선,,,,,,48:56.0,49:00.0
H318202307111894,여,59,J00110,대학_대학교,서울,금천구,서울,관악구,29506,사무 보조원(일반사업체),20,20년0월,J03402,승인,,,,,,45:58.0,02:45.0
H324202307111889,남,66,J00104,중학교,서울,양천구,서울,,542002,"건물 경비원(청사,학교,병원,상가,빌딩,공장 등)",1,1년0월,J03402,승인,,,,,,45:00.0,45:05.0
H324202307111886,남,56,J00110,대학_대학교,서울,관악구,서울,동작구,542000,경비원(건물 관리원),,신입,J03402,승인,,,,,,44:47.0,44:54.0
H001202307111883,남,78,J00102,초등학교,서울,,경기,,542000,경비원(건물 관리원),,신입,J03402,승인,,,,,,44:03.0,30:41.0
H324202307111872,남,62,J00106,고등학교,서울,성동구,서울,광진구,542002,"건물 경비원(청사,학교,병원,상가,빌딩,공장 등)",,신입,J03402,승인,,,,,,42:18.0,42:23.0
H318202307111857,여,63,J00106,고등학교,서울,,경기,안양시,550104,재가 요양보호사,,신입,J03402,승인,,,,,,39:56.0,40:01.0
H325202307111851,남,66,J00110,대학_대학교,서울,성동구,서울,,890007,"인쇄, 목재, 가구 및 기타 제조 분야 단순 종사원",,신입,J03402,승인,,,,,,37:52.0,37:55.0
H117202307111850,남,60,J00106,고등학교,서울,강동구,서울,,562300,주차 관리?안내원,30,30년0월,J03404,알선,,,,,,37:10.0,37:13.0
H307202307111831,여,64,J00106,고등학교,서울,중랑구,서울,,550104,재가 요양보호사,1,1년2월,J03404,알선,,,,,,33:35.0,33:35.0
H324202307111810,남,61,J00106,고등학교,서울,성동구,서울,중구,542002,"건물 경비원(청사,학교,병원,상가,빌딩,공장 등)",0,0년4월,J03402,승인,,,,,,30:27.0,30:33.0
H314202307111806,여,38,J00106,고등학교,서울,,,,29506,사무 보조원(일반사업체),0,0년3월,J03402,승인,,,,,,29:53.0,29:58.0
H315202307111803,남,66,J00106,고등학교,서울,양천구,서울,강서구,541301,기계?무인 경비원(해당 경비지도사 포함),,신입,J03404,알선,,,,,,29:10.0,29:15.0
H126202307111798,여,64,J00104,중학교,서울,강남구,서울,서초구,532300,주방 보조원,20,20년0월,J03404,알선,,,,,,27:53.0,27:57.0
H324202307111773,남,74,J00104,중학교,서울,강동구,서울,송파구,542002,"건물 경비원(청사,학교,병원,상가,빌딩,공장 등)",1,1년0월,J03402,승인,,,,,,25:07.0,25:13.0
H324202307111763,남,70,J00106,고등학교,서울,송파구,서울,강동구,542002,"건물 경비원(청사,학교,병원,상가,빌딩,공장 등)",,신입,J03402,승인,,,,,,23:09.0,23:15.0
H324202307111760,남,63,J00106,고등학교,서울,도봉구,서울,,542000,경비원(건물 관리원),,신입,J03402,승인,,,,,,22:57.0,23:02.0
H320202307111724,여,24,J00110,대학_대학교,서울,,,,231102,사회복지사(공공행정),,신입,J03402,승인,,,,,,18:11.0,18:16.0
H325202307111723,여,57,J00106,고등학교,서울,강동구,서울,,862301,재봉사(의류?직물) ,3,3년0월,J03402,승인,,,,,,18:08.0,18:12.0
H321202307111680,여,55,J00106,고등학교,서울,관악구,서울,전체,550104,재가 요양보호사,3,3년0월,J03402,승인,,,,,,12:32.0,39:16.0
H314202307111662,여,70,J00106,고등학교,서울,마포구,서울,,561101,"건물 청소원(공공건물,아파트,사무실,병원,상가,공장 등)",,신입,J03404,알선,,,,,,10:33.0,10:36.0
H324202307111649,여,48,J00108,전문대학,서울,송파구,서울,강남구,231101,사회복지사(사회복지시설),7,7년0월,J03402,승인,,,,,,07:19.0,07:24.0
H307202307111641,남,78,J00106,고등학교,서울,강동구,서울,,541903,주차 단속원 및 안전 순찰원,,신입,J03402,승인,,,,,,04:11.0,04:15.0
H130202307111625,남,75,J00106,고등학교,서울,금천구,서울,,561101,"건물 청소원(공공건물,아파트,사무실,병원,상가,공장 등)",4,4년0월,J03402,승인,복지카드,,,,,01:30.0,01:36.0
H305202307111620,여,62,J00106,고등학교,서울,광진구,,,561101,"건물 청소원(공공건물,아파트,사무실,병원,상가,공장 등)",3,3년0월,J03402,승인,,,,,,00:55.0,00:59.0
H315202307111618,여,63,J00106,고등학교,서울,양천구,서울,,550104,재가 요양보호사,6,6년3월,J03404,알선,,,,,,00:27.0,00:31.0
H001202307111598,여,33,J00106,고등학교,서울,,인천,,135001,정보보호 전문가,,신입,J03402,승인,,,,,,54:34.0,31:12.0
H315202307111586,여,61,J00106,고등학교,서울,양천구,서울,강서구,561101,"건물 청소원(공공건물,아파트,사무실,병원,상가,공장 등)",8,8년0월,J03404,알선,,,,,,52:56.0,53:00.0
H317202307111582,남,75,J00102,초등학교,서울,구로구,서울,,542002,"건물 경비원(청사,학교,병원,상가,빌딩,공장 등)",8,8년0월,J03404,알선,,,,,,52:18.0,52:22.0
H307202307111558,여,76,J00102,초등학교,서울,중랑구,서울,,561101,"건물 청소원(공공건물,아파트,사무실,병원,상가,공장 등)",35,35년0월,J03402,승인,,,,,,47:53.0,47:58.0
H309202307111524,남,67,J00102,초등학교,서울,도봉구,서울,,561100,청소원,,신입,J03404,알선,,,,,,41:30.0,41:35.0
H127202307111521,여,72,J00104,중학교,서울,광진구,서울,,561201,환경 미화원,8,8년0월,J03402,승인,,,,,,41:16.0,41:20.0
H001202307111505,여,47,J00110,대학_대학교,서울,강동구,서울,송파구,212100,중?고등학교 교사,1,1년0월,J03402,승인,미술,교사,편집,디자인,,39:22.0,10:05.0
H317202307111500,여,65,J00104,중학교,서울,구로구,,,550104,재가 요양보호사,,신입,J03404,알선,,,,,,38:34.0,38:39.0
H320202307111498,남,67,J00110,대학_대학교,서울,동작구,서울,,561101,"건물 청소원(공공건물,아파트,사무실,병원,상가,공장 등)",5,5년4월,J03402,승인,,,,,,34:16.0,34:22.0
H001202307111482,남,56,J00110,대학_대학교,서울,광진구,서울,동대문구,561101,"건물 청소원(공공건물,아파트,사무실,병원,상가,공장 등)",,신입,J03402,승인,,,,,,31:07.0,47:29.0
H317202307111481,여,64,J00104,중학교,서울,구로구,서울,영등포구,561101,"건물 청소원(공공건물,아파트,사무실,병원,상가,공장 등)",6,6년0월,J03402,승인,,,,,,30:55.0,30:58.0
H306202307111462,남,57,J00106,고등학교,서울,동대문구,서울,,561101,"건물 청소원(공공건물,아파트,사무실,병원,상가,공장 등)",,신입,J03402,승인,운전,단순,청소,외곽,미화,25:08.0,25:14.0
H307202307111461,남,66,J00102,초등학교,서울,중랑구,서울,,905002,"임업 단순 종사원(산림보호감시, 산불감시원 등)",3,3년0월,J03402,승인,,,,,,24:44.0,24:47.0
H301202307111445,여,65,J00106,고등학교,서울,중랑구,서울,,541903,주차 단속원 및 안전 순찰원,,신입,J03402,승인,,,,,,22:23.0,22:28.0
H309202307111439,여,69,J00104,중학교,서울,강북구,서울,,550104,재가 요양보호사,0,0년6월,J03404,알선,,,,,,22:02.0,22:08.0
H304202307111428,여,67,J00104,중학교,서울,성동구,서울,,541903,주차 단속원 및 안전 순찰원,,신입,J03402,승인,,,,,,20:03.0,20:08.0
H301202307111417,여,63,J00104,중학교,서울,중랑구,서울,노원구,541903,주차 단속원 및 안전 순찰원,,신입,J03402,승인,,,,,,17:43.0,17:49.0
H312202307111416,여,66,J00104,중학교,서울,은평구,,,550104,재가 요양보호사,,신입,J03402,승인,,,,,,15:39.0,15:44.0
H317202307111415,여,59,J00106,고등학교,서울,구로구,,,550104,재가 요양보호사,,신입,J03404,알선,,,,,,14:59.0,15:05.0
H306202307111381,여,47,J00110,대학_대학교,서울,동대문구,서울,,231100,사회복지사,,신입,J03402,승인,,,,,,07:46.0,30:38.0
H322202307111380,여,70,J00106,고등학교,서울,서초구,경기,하남시,550100,요양 보호사 및 간병인,,신입,J03402,승인,,,,,,05:29.0,05:32.0
H301202307111357,남,67,J00106,고등학교,서울,,,,13903,빌딩 관리소장,10,10년0월,J03402,승인,,,,,,00:16.0,00:20.0
H324202307111341,여,57,J00104,중학교,서울,송파구,,,550104,재가 요양보호사,5,5년0월,J03404,알선,,,,,,53:21.0,53:25.0
H301202307111340,남,53,J00110,대학_대학교,서울,종로구,서울,서대문구,561200,환경미화원 및 재활용품 수거원,1,1년0월,J03402,승인,,,,,,52:46.0,52:53.0
H101202307111328,남,63,J00106,고등학교,서울,동작구,서울,마포구,542000,경비원(건물 관리원),,신입,J03402,승인,,,,,,50:49.0,50:55.0
H101202307111306,남,68,J00110,대학_대학교,서울,강서구,,,151104,플랜트공학 기술자 및 연구원,30,30년0월,J03402,승인,,,,,,46:32.0,46:36.0
H320202307111305,남,65,J00106,고등학교,서울,동작구,서울,,561101,"건물 청소원(공공건물,아파트,사무실,병원,상가,공장 등)",1,1년0월,J03404,알선,,,,,,46:08.0,46:14.0
H001202307111304,남,54,J00106,고등학교,,,,,890000,제조 단순 종사원,24,24년0월,J03402,승인,,,,,,44:40.0,55:33.0
H307202307111279,여,66,J00106,고등학교,서울,중랑구,서울,,531205,사업체 구내식당 급식 조리사,35,35년0월,J03404,알선,,,,,,35:56.0,36:00.0
H321202307111251,여,32,J00106,고등학교,서울,관악구,서울,,27208,단순 경리 사무원,0,0년3월,J03402,승인,,,,,,27:14.0,27:17.0
H316202307111245,남,71,J00110,대학_대학교,서울,강서구,경기,,812100,항공기 정비원,41,41년0월,J03402,승인,,,,,,22:04.0,22:11.0
H001202307111244,남,33,J00110,대학_대학교,서울,동작구,서울,서초구,135001,정보보호 전문가,,신입,J03402,승인,보안,소프트웨어,프로그래머,,,21:56.0,10:10.0
H321202307111243,여,57,J00106,고등학교,서울,관악구,서울,,531205,사업체 구내식당 급식 조리사,10,10년0월,J03402,승인,,,,,,21:34.0,53:41.0
H324202307111212,여,51,J00110,대학_대학교,서울,송파구,서울,강남구,231101,사회복지사(사회복지시설),,신입,J03402,승인,,,,,,12:15.0,17:23.0
H309202307111197,남,40,J00108,전문대학,서울,강북구,서울,,28307,창고 관리원(자재 검수원 포함),9,9년0월,J03404,알선,,,,,,09:43.0,09:48.0
H317202307111187,여,63,J00104,중학교,서울,구로구,서울,양천구,550104,재가 요양보호사,10,10년0월,J03404,알선,,,,,,07:09.0,07:13.0
H308202307111178,남,66,J00100,관계없음,서울,성북구,서울,,561200,환경미화원 및 재활용품 수거원,,신입,J03402,승인,,,,,,04:00.0,04:05.0
H311202307111156,여,68,J00104,중학교,서울,노원구,서울,성북구,561100,청소원,0,0년6월,J03404,알선,,,,,,59:47.0,59:51.0
H301202307111127,남,77,J00110,대학_대학교,서울,강남구,,,562903,"기타 서비스 단순종사원(사우나,찜질방 정리원 등)",,신입,J03402,승인,,,,,,51:42.0,51:48.0
H308202307111115,남,63,J00112,석사과정,서울,성북구,서울,,13903,빌딩 관리소장,1,1년0월,J03402,승인,관리소장,근로지원인,활동지원사,건물관리,조경,50:46.0,11:55.0
H307202307111108,여,71,J00110,대학_대학교,서울,중랑구,서울,,232902,아동 생활지도원,,신입,J03402,승인,,,,,,49:47.0,49:52.0
H306202307111104,여,52,J00108,전문대학,서울,동대문구,서울,,550104,재가 요양보호사,,신입,J03402,승인,동대문구,요양,보육도우미,판매,,49:12.0,49:16.0
H112202307111097,남,80,J00100,관계없음,서울,중구,서울,,624100,택배원,,신입,J03402,승인,,,,,,47:44.0,47:48.0
H320202307111096,여,73,J00102,초등학교,서울,동작구,서울,영등포구,561101,"건물 청소원(공공건물,아파트,사무실,병원,상가,공장 등)",,신입,J03404,알선,,,,,,46:39.0,46:43.0
H001202307111095,남,30,J00110,대학_대학교,서울,강동구,서울,,29505,사무 보조원(공공기관),0,0년3월,J03402,승인,,,,,,46:05.0,35:16.0
H001202307111086,여,25,J00110,대학_대학교,서울,,,,834000,전기?전자 설비 조작원,,신입,J03402,승인,,,,,,42:53.0,40:56.0
H317202307111040,여,66,J00106,고등학교,서울,구로구,서울,영등포구,550104,재가 요양보호사,4,4년0월,J03402,승인,중국인,,,,,32:48.0,32:54.0
H313202307111016,남,50,J00106,고등학교,서울,서대문구,서울,,541903,주차 단속원 및 안전 순찰원,15,15년0월,J03402,승인,,,,,,26:55.0,26:59.0
H321202307111015,여,73,J00106,고등학교,서울,관악구,,,550104,재가 요양보호사,11,11년0월,J03404,알선,성별무관,치매이수,오전,,,26:36.0,26:40.0
H323202307111009,여,69,J00106,고등학교,서울,송파구,서울,,532300,주방 보조원,,신입,J03404,알선,,,,,,25:43.0,25:46.0
H001202307110985,여,45,J00110,대학_대학교,서울,노원구,서울,중랑구,214102,수학 강사,,신입,J03402,승인,초등수학지도사,돌봄교실,보육교사,수학지도사,시간제근무가능,21:56.0,23:20.0
H001202307110974,여,57,J00110,대학_대학교,서울,노원구,서울,도봉구,231100,사회복지사,,신입,J03402,승인,,,,,,20:33.0,35:34.0
H315202307110968,남,66,J00104,중학교,서울,양천구,서울,구로구,542002,"건물 경비원(청사,학교,병원,상가,빌딩,공장 등)",6,6년0월,J03402,승인,,,,,,19:57.0,20:02.0
H312202307110956,여,47,J00106,고등학교,서울,은평구,서울,서대문구,550104,재가 요양보호사,,신입,J03402,승인,,,,,,18:37.0,18:41.0
H311202307110954,남,61,J00110,대학_대학교,서울,,경기,,702901,건물 보수원 및 영선원(아파트 기계?전기 시설관리 제외),0,0년3월,J03402,승인,,,,,,18:28.0,18:32.0
H304202307110952,남,68,J00106,고등학교,서울,도봉구,서울,,834002,빌딩 전기관리원,3,3년0월,J03402,승인,전기관리,빌딩전기,아파트전기원,,,17:25.0,17:31.0
H325202307110951,여,68,J00104,중학교,서울,강동구,서울,,561100,청소원,3,3년0월,J03404,알선,,,,,,16:12.0,16:17.0
H317202307110936,남,75,J00110,대학_대학교,서울,구로구,서울,영등포구,542001,아파트?빌라 경비원,8,8년0월,J03402,승인,,,,,,14:14.0,14:19.0
H308202307110897,남,49,J00110,대학_대학교,서울,성북구,서울,,615102,대형마트 판매원,,신입,J03402,승인,,,,,,04:33.0,04:38.0
H324202307110893,여,28,J00112,석사과정,서울,,,,612100,기술 영업원,2,2년5월,J03402,승인,,,,,,03:45.0,03:51.0
H318202307110888,여,58,J00106,고등학교,서울,금천구,서울,구로구,531200,한식 조리사,10,10년0월,J03404,알선,,,,,,02:50.0,21:56.0
H318202307110873,남,64,J00106,고등학교,서울,금천구,경기,안양시,622902,승합차 운전원,20,20년0월,J03402,승인,,,,,,00:15.0,00:18.0
H313202307110854,남,67,J00106,고등학교,서울,서대문구,,,542002,"건물 경비원(청사,학교,병원,상가,빌딩,공장 등)",2,2년0월,J03402,승인,,,,,,53:45.0,53:50.0
H304202307110831,남,66,J00106,고등학교,서울,성동구,서울,,561101,"건물 청소원(공공건물,아파트,사무실,병원,상가,공장 등)",,신입,J03402,승인,,,,,,45:22.0,45:27.0
H101202307110815,여,61,J00106,고등학교,서울,구로구,,,29506,사무 보조원(일반사업체),,신입,J03402,승인,,,,,,42:28.0,42:35.0
H301202307110809,남,72,J00106,고등학교,서울,,,,541903,주차 단속원 및 안전 순찰원,,신입,J03402,승인,,,,,,41:32.0,41:37.0
H101202307110800,남,57,J00110,대학_대학교,서울,동작구,서울,강남구,612301,자동차 영업원(자동차 딜러),20,20년0월,J03402,승인,,,,,,40:07.0,40:12.0
H325202307110796,여,64,J00106,고등학교,서울,강동구,,,550104,재가 요양보호사,0,0년5월,J03404,알선,,,,,,39:40.0,39:44.0
H311202307110789,여,66,J00106,고등학교,서울,노원구,,,550100,요양 보호사 및 간병인,,신입,J03402,승인,,,,,,38:19.0,38:24.0
H307202307110787,여,75,J00104,중학교,서울,중랑구,서울,,541903,주차 단속원 및 안전 순찰원,,신입,J03402,승인,,,,,,37:11.0,37:16.0
H101202307110786,여,66,J00106,고등학교,서울,중랑구,,,615100,상점 판매원,5,5년0월,J03402,승인,,,,,,36:58.0,37:02.0
H309202307110780,남,60,J00106,고등학교,서울,강북구,서울,노원구,561100,청소원,,신입,J03402,승인,,,,,,35:29.0,35:33.0
H307202307110779,남,61,J00106,고등학교,서울,중랑구,서울,광진구,622902,승합차 운전원,,신입,J03402,승인,,,,,,35:24.0,35:28.0
H319202307110763,남,58,J00110,대학_대학교,서울,영등포구,서울,,562300,주차 관리?안내원,,신입,J03404,알선,,,,,,33:11.0,33:15.0
H317202307110749,남,68,J00102,초등학교,서울,구로구,서울,양천구,542001,아파트?빌라 경비원,,신입,J03402,승인,,,,,,29:56.0,30:02.0
H316202307110740,남,75,J00106,고등학교,서울,강서구,,,542001,아파트?빌라 경비원,7,7년0월,J03402,승인,,,,,,27:28.0,27:32.0
H305202307110727,남,57,J00106,고등학교,서울,광진구,서울,,561200,환경미화원 및 재활용품 수거원,,신입,J03404,알선,,,,,,22:53.0,22:59.0
H304202307110720,남,74,J00106,고등학교,서울,성동구,서울,,542002,"건물 경비원(청사,학교,병원,상가,빌딩,공장 등)",7,7년0월,J03404,알선,,,,,,20:31.0,20:35.0
H320202307110713,남,63,J00110,대학_대학교,서울,,경기,,231100,사회복지사,,신입,J03402,승인,,,,,,19:45.0,19:52.0
H001202307110707,여,53,J00106,고등학교,서울,,,,561100,청소원,1,1년0월,J03402,승인,,,,,,16:04.0,03:38.0
H302202307110702,여,44,J00110,대학_대학교,서울,중구,서울,,25500,공공행정 사무원,0,0년3월,J03402,승인,,,,,,14:48.0,14:54.0
H101202307110690,남,60,J00110,대학_대학교,서울,,,,890006,식품 분야 단순 종사원,,신입,J03404,알선,,,,,,12:15.0,12:22.0
H325202307110681,남,68,J00106,고등학교,서울,강동구,서울,,561101,"건물 청소원(공공건물,아파트,사무실,병원,상가,공장 등)",,신입,J03402,승인,,,,,,10:36.0,10:41.0
H309202307110676,남,66,J00112,석사과정,서울,강북구,서울,노원구,562300,주차 관리?안내원,,신입,J03402,승인,,,,,,10:10.0,10:14.0
H309202307110664,여,66,J00110,대학_대학교,서울,강북구,서울,,550104,재가 요양보호사,,신입,J03404,알선,,,,,,07:50.0,07:54.0
H321202307110663,여,63,J00104,중학교,서울,관악구,서울,,561101,"건물 청소원(공공건물,아파트,사무실,병원,상가,공장 등)",10,10년0월,J03402,승인,,,,,,07:33.0,07:38.0
H317202307110662,남,64,J00110,대학_대학교,서울,구로구,서울,,834002,빌딩 전기관리원,,신입,J03404,알선,,,,,,06:53.0,06:58.0
H305202307110661,남,28,J00110,대학_대학교,서울,광진구,서울,,415502,게임 디자이너,,신입,J03404,알선,,,,,,06:48.0,06:20.0
H308202307110660,남,53,J00106,고등학교,서울,성북구,서울,,232903,장애인 생활지도원(장애인활동보조원 포함),,신입,J03404,알선,,,,,,06:25.0,06:29.0
H303202307110656,여,55,J00106,고등학교,서울,용산구,서울,마포구,617904,"기타 판매 단순 종사원(전단지배포, 벽보원, 물품 보관원)",5,5년0월,J03402,승인,요양보호사,생산직,,,,03:35.0,03:39.0
H323202307110650,남,75,J00106,고등학교,서울,강남구,서울,송파구,561101,"건물 청소원(공공건물,아파트,사무실,병원,상가,공장 등)",0,0년4월,J03404,알선,,,,,,02:37.0,02:41.0
H318202307110644,남,54,J00106,고등학교,서울,금천구,서울,,905002,"임업 단순 종사원(산림보호감시, 산불감시원 등)",,신입,J03402,승인,,,,,,01:33.0,01:37.0
H308202307110626,남,60,J00100,관계없음,서울,성북구,서울,,561100,청소원,,신입,J03402,승인,,,,,,56:32.0,56:36.0
H306202307110625,여,63,J00106,고등학교,서울,동대문구,서울,,550104,재가 요양보호사,0,0년6월,J03402,승인,,,,,,56:12.0,56:16.0
H103202307110609,남,64,J00110,대학_대학교,서울,강서구,,,550103,시설 요양보호사(노인요양사),,신입,J03402,승인,,,,,,52:24.0,52:29.0
H324202307110601,남,73,J00106,고등학교,서울,송파구,서울,강동구,542002,"건물 경비원(청사,학교,병원,상가,빌딩,공장 등)",1,1년0월,J03402,승인,,,,,,51:19.0,51:23.0
H313202307110596,남,75,J00106,고등학교,서울,서대문구,서울,,542001,아파트?빌라 경비원,,신입,J03402,승인,,,,,,50:27.0,50:31.0
H103202307110576,여,67,J00106,고등학교,서울,강서구,서울,양천구,561100,청소원,14,14년0월,J03402,승인,,,,,,43:00.0,43:07.0
H316202307110556,여,58,J00108,전문대학,서울,강서구,서울,,231100,사회복지사,,신입,J03402,승인,,,,,,38:50.0,38:54.0
H324202307110539,여,80,J00106,고등학교,서울,송파구,서울,,561101,"건물 청소원(공공건물,아파트,사무실,병원,상가,공장 등)",,신입,J03402,승인,,,,,,32:57.0,33:01.0
H308202307110516,남,55,J00100,관계없음,서울,성북구,서울,,622901,승용차 운전원(자가용 운전원),20,20년0월,J03402,승인,,,,,,27:09.0,27:13.0
H313202307110496,여,57,J00106,고등학교,서울,서대문구,,,307500,간호조무사,,신입,J03402,승인,,,,,,19:52.0,19:58.0
H305202307110485,여,76,J00102,초등학교,서울,광진구,,,561201,환경 미화원,,신입,J03402,승인,,,,,,16:37.0,16:42.0
H321202307110483,여,63,J00108,전문대학,서울,관악구,,,550104,재가 요양보호사,2,2년0월,J03404,알선,,,,,,11:18.0,03:58.0
H304202307110463,여,71,J00110,대학_대학교,서울,은평구,서울,,29505,사무 보조원(공공기관),4,4년0월,J03402,승인,,,,,,04:58.0,05:03.0
H120202307110462,여,73,J00102,초등학교,서울,마포구,서울,,561100,청소원,10,10년3월,J03402,승인,,,,,,03:29.0,03:33.0
H001202307110448,남,31,J00110,대학_대학교,서울,,경기,,26100,기획?마케팅 사무원,,신입,J03402,승인,,,,,,51:08.0,06:08.0
H001202307110438,남,36,J00108,전문대학,서울,도봉구,서울,,562902,환경 감시원,,신입,J03402,승인,,,,,,48:01.0,32:28.0
H001202307110386,남,33,J00110,대학_대학교,서울,,서울,마포구,531700,음료 조리사(바리스타 포함),,신입,J03402,승인,바리스타,브루잉,에스프레소,,,01:15.0,50:27.0
H001202307110377,남,60,J00106,고등학교,서울,강남구,서울,송파구,542000,경비원(건물 관리원),19,19년0월,J03402,승인,,,,,,36:48.0,23:36.0
H001202307110024,여,59,J00108,전문대학,서울,송파구,서울,강동구,562900,기타 서비스 단순 종사원,,신입,J03402,승인,,,,,,22:26.0,54:30.0
H001202307104080,남,56,J00106,고등학교,서울,강서구,서울,양천구,622300,화물차?특수차 운전원,15,15년0월,J03402,승인,운전,화물 운송,특수차,공무직,버스,52:09.0,57:57.0
H001202307104010,남,60,J00106,고등학교,,,,,541901,보안 관제원(경비 관제원),,신입,J03402,승인,,,,,,12:39.0,49:38.0
H001202307103773,여,55,J00110,대학_대학교,서울,,,,28101,무역 사무원(영어),,신입,J03402,승인,무역 사무원(영어),,,,,11:20.0,53:45.0
H001202307103664,여,29,J00110,대학_대학교,서울,,,,24402,전시?회의 기획자,2,2년0월,J03402,승인,,,,,,02:33.0,38:18.0
H001202307103615,여,64,J00108,전문대학,서울,광진구,,,550104,재가 요양보호사,6,6년0월,J03402,승인,요양보호사,치매,,,,35:33.0,30:25.0
H001202307103565,여,23,J00108,전문대학,서울,,,,135001,정보보호 전문가,,신입,J03405,알선대기,,,,,,14:56.0,11:11.0
H310202307103561,여,49,J00106,고등학교,서울,도봉구,서울,강북구,550104,재가 요양보호사,,신입,J03404,알선,,,,,,12:32.0,27:04.0
H303202307103535,여,68,J00104,중학교,서울,용산구,서울,,561101,"건물 청소원(공공건물,아파트,사무실,병원,상가,공장 등)",,신입,J03402,승인,,,,,,08:11.0,08:16.0
H315202307103498,남,60,J00110,대학_대학교,서울,양천구,서울,강서구,542001,아파트?빌라 경비원,,신입,J03402,승인,,,,,,55:32.0,55:39.0
H311202307103459,여,71,J00106,고등학교,서울,노원구,서울,,561101,"건물 청소원(공공건물,아파트,사무실,병원,상가,공장 등)",,신입,J03402,승인,,,,,,47:52.0,47:57.0
H323202307103455,여,55,J00110,대학_대학교,서울,강남구,서울,송파구,29505,사무 보조원(공공기관),1,1년0월,J03402,승인,,,,,,46:48.0,46:53.0
H321202307103451,여,56,J00108,전문대학,서울,관악구,,,550104,재가 요양보호사,0,0년1월,J03402,승인,,,,,,45:55.0,45:58.0
H307202307103449,여,60,J00106,고등학교,서울,중랑구,서울,,550104,재가 요양보호사,,신입,J03402,승인,,,,,,45:45.0,45:48.0
H105202307103443,남,69,J00106,고등학교,서울,관악구,서울,,622901,승용차 운전원(자가용 운전원),30,30년0월,J03402,승인,,,,,,44:55.0,45:05.0
H315202307103398,여,64,J00110,대학_대학교,서울,양천구,서울,강서구,307500,간호조무사,5,5년0월,J03404,알선,,,,,,34:50.0,34:57.0
H311202307103378,여,68,J00104,중학교,서울,노원구,서울,,561101,"건물 청소원(공공건물,아파트,사무실,병원,상가,공장 등)",,신입,J03402,승인,,,,,,32:02.0,32:09.0
H304202307103357,여,63,J00102,초등학교,서울,성동구,서울,,561101,"건물 청소원(공공건물,아파트,사무실,병원,상가,공장 등)",4,4년0월,J03402,승인,,,,,,27:03.0,27:07.0
H324202307103330,여,59,J00104,중학교,서울,송파구,서울,강동구,561101,"건물 청소원(공공건물,아파트,사무실,병원,상가,공장 등)",1,1년1월,J03405,알선대기,,,,,,22:39.0,22:43.0
H001202307103322,남,44,J00106,고등학교,서울,구로구,서울,영등포구,622301,경?소형 화물차 운전원,5,5년2월,J03404,알선,경?소형 화물차 운전원,,,,,21:52.0,45:54.0
H325202307103290,여,68,J00106,고등학교,서울,강동구,서울,,550100,요양 보호사 및 간병인,,신입,J03402,승인,,,,,,14:40.0,14:44.0
H325202307103277,여,63,J00106,고등학교,서울,강동구,서울,,550104,재가 요양보호사,1,1년6월,J03404,알선,,,,,,13:00.0,13:05.0
H314202307103270,남,62,J00110,대학_대학교,서울,마포구,서울,서대문구,561101,"건물 청소원(공공건물,아파트,사무실,병원,상가,공장 등)",,신입,J03404,알선,,,,,,12:14.0,12:18.0
H108202307103240,남,72,J00106,고등학교,서울,서대문구,서울,중구,542000,경비원(건물 관리원),7,7년0월,J03402,승인,,,,,,07:08.0,07:13.0
H305202307103238,여,64,J00106,고등학교,서울,광진구,,,550104,재가 요양보호사,6,6년2월,J03402,승인,,,,,,06:55.0,07:01.0
H306202307103223,여,74,J00104,중학교,서울,동대문구,서울,,550104,재가 요양보호사,1,1년0월,J03404,알선,,,,,,04:54.0,04:58.0
H001202307103212,여,24,J00110,대학_대학교,서울,,인천,,26103,영업 기획?관리?지원 사무원,,신입,J03402,승인,,,,,,03:47.0,21:06.0
H129202307103194,남,60,J00108,전문대학,서울,송파구,서울,,542000,경비원(건물 관리원),,신입,J03402,승인,,,,,,00:03.0,00:07.0
H001202307103191,여,50,J00110,대학_대학교,서울,,,,231100,사회복지사,,신입,J03402,승인,,,,,,59:39.0,13:37.0
H001202307103184,남,68,J00101,무학력,서울,양천구,서울,,561100,청소원,,신입,J03402,승인,,,,,,58:06.0,05:55.0
H322202307103173,여,69,J00106,고등학교,서울,서초구,서울,강남구,541904,레저?테마파크 안전요원,,신입,J03402,승인,,,,,,56:55.0,57:00.0
H129202307103161,남,65,J00106,고등학교,서울,송파구,서울,,550103,시설 요양보호사(노인요양사),12,12년0월,J03402,승인,,,,,,55:24.0,55:25.0
H323202307103106,여,65,J00104,중학교,서울,,강원,,561101,"건물 청소원(공공건물,아파트,사무실,병원,상가,공장 등)",2,2년0월,J03404,알선,,,,,,47:20.0,47:24.0
H306202307103101,여,72,J00106,고등학교,서울,동대문구,서울,,562300,주차 관리?안내원,,신입,J03402,승인,,,,,,45:57.0,46:02.0
H314202307103081,남,57,J00108,전문대학,서울,마포구,서울,은평구,561101,"건물 청소원(공공건물,아파트,사무실,병원,상가,공장 등)",10,10년0월,J03402,승인,,,,,,41:49.0,41:54.0
H304202307103079,여,53,J00106,고등학교,서울,성동구,서울,중구,615106,의류 판매원,1,1년0월,J03404,알선,,,,,,41:46.0,41:51.0
H307202307103065,여,58,J00108,전문대학,서울,중랑구,서울,,550104,재가 요양보호사,8,8년0월,J03404,알선,,,,,,39:43.0,39:47.0
H308202307103059,여,65,J00104,중학교,서울,성북구,서울,강북구,550104,재가 요양보호사,1,1년0월,J03404,알선,,,,,,38:28.0,38:31.0
H303202307103042,남,66,J00110,대학_대학교,서울,용산구,서울,,542002,"건물 경비원(청사,학교,병원,상가,빌딩,공장 등)",,신입,J03404,알선,,,,,,35:38.0,35:43.0
H307202307103027,여,69,J00102,초등학교,서울,중랑구,서울,,561101,"건물 청소원(공공건물,아파트,사무실,병원,상가,공장 등)",5,5년0월,J03402,승인,,,,,,33:11.0,33:14.0
H314202307103023,여,58,J00106,고등학교,서울,마포구,서울,,561201,환경 미화원,2,2년0월,J03402,승인,,,,,,32:34.0,32:38.0
H310202307102992,여,64,J00110,대학_대학교,서울,도봉구,서울,,561101,"건물 청소원(공공건물,아파트,사무실,병원,상가,공장 등)",3,3년0월,J03402,승인,한식조리기능사,,,,,28:26.0,28:33.0
H001202307102991,남,50,J00106,고등학교,서울,성동구,,,561201,환경 미화원,8,8년9월,J03402,승인,,,,,,28:23.0,04:08.0
H305202307102982,여,61,J00104,중학교,서울,광진구,,,550104,재가 요양보호사,2,2년0월,J03404,알선,,,,,,27:06.0,27:10.0
H310202307102973,여,65,J00104,중학교,서울,노원구,,,532302,단체 급식 보조원,,신입,J03404,알선,,,,,,25:47.0,25:52.0
H305202307102969,여,55,J00106,고등학교,서울,광진구,서울,,561101,"건물 청소원(공공건물,아파트,사무실,병원,상가,공장 등)",4,4년0월,J03404,알선,,,,,,25:12.0,25:17.0
H315202307102963,여,63,J00106,고등학교,서울,양천구,,,550104,재가 요양보호사,,신입,J03402,승인,,,,,,24:28.0,24:32.0
H309202307102961,여,57,J00106,고등학교,서울,강북구,서울,전체,885902,주입?포장?상표부착기 등 기타 기계 조작원,0,신입,J03402,승인,,,,,,24:17.0,25:38.0
H311202307102956,여,50,J00108,전문대학,서울,노원구,,,615112,"잡화 판매원(사무용품,도서,음반 포함)",5,5년0월,J03402,승인,,,,,,23:36.0,23:40.0
H001202307102953,남,55,J00110,대학_대학교,서울,,경기,안양시,12200,경영지원관리자,24,24년8월,J03402,승인,경영기획,재무,회계,인사,총무,22:45.0,52:12.0
H001202307102948,남,46,J00110,대학_대학교,서울,,,,12200,경영지원관리자,8,8년0월,J03402,승인,경영지원관리자,전산자료 입력원(DB?단순자료),사회복지사2급,정보처리기사,공공기관,22:01.0,27:40.0
H305202307102945,여,66,J00102,초등학교,서울,광진구,,,550104,재가 요양보호사,7,7년0월,J03404,알선,,,,,,21:52.0,21:57.0
H312202307102943,여,61,J00104,중학교,서울,은평구,서울,,550104,재가 요양보호사,0,0년5월,J03402,승인,,,,,,21:40.0,21:45.0
H313202307102942,여,45,J00106,고등학교,서울,서대문구,서울,,27100,회계 사무원,10,10년0월,J03402,승인,,,,,,21:35.0,21:38.0
H321202307102927,여,73,J00102,초등학교,서울,관악구,서울,,550104,재가 요양보호사,13,13년0월,J03404,알선,,,,,,19:45.0,19:50.0
H305202307102926,남,60,J00106,고등학교,서울,광진구,서울,,702401,타일?대리석 시공원,30,30년0월,J03404,알선,,,,,,19:40.0,19:45.0
H314202307102908,여,61,J00104,중학교,서울,마포구,서울,,550104,재가 요양보호사,20,20년0월,J03404,알선,,,,,,17:19.0,17:24.0
H301202307102896,여,49,J00106,고등학교,서울,,,,561102,"호텔?콘도?숙박시설 청소원(룸메이드,하우스키퍼)",,신입,J03402,승인,,,,,,14:57.0,15:02.0
H129202307102893,남,67,J00104,중학교,서울,송파구,서울,,561101,"건물 청소원(공공건물,아파트,사무실,병원,상가,공장 등)",,신입,J03404,알선,,,,,,14:39.0,14:44.0
H308202307102886,여,54,J00106,고등학교,서울,성북구,,,550104,재가 요양보호사,,신입,J03404,알선,,,,,,13:31.0,13:35.0
H305202307102854,여,56,J00106,고등학교,서울,성동구,서울,광진구,550104,재가 요양보호사,,신입,J03402,승인,,,,,,09:02.0,09:08.0
H313202307102838,여,74,J00104,중학교,서울,서대문구,,,550104,재가 요양보호사,5,5년0월,J03404,알선,,,,,,06:36.0,06:40.0
H324202307102835,여,70,J00106,고등학교,서울,송파구,서울,강남구,561101,"건물 청소원(공공건물,아파트,사무실,병원,상가,공장 등)",8,8년0월,J03404,알선,,,,,,06:14.0,06:18.0
H306202307102829,여,69,J00104,중학교,서울,동대문구,서울,,550104,재가 요양보호사,5,5년10월,J03402,승인,,,,,,05:14.0,05:18.0
H306202307102814,남,63,J00102,초등학교,서울,동대문구,서울,,561200,환경미화원 및 재활용품 수거원,,신입,J03402,승인,,,,,,02:38.0,02:42.0
H305202307102802,남,71,J00106,고등학교,서울,광진구,서울,,542002,"건물 경비원(청사,학교,병원,상가,빌딩,공장 등)",10,10년0월,J03404,알선,,,,,,01:17.0,01:21.0
H317202307102798,남,70,J00104,중학교,서울,구로구,서울,영등포구,542003,공사현장 경비원,0,0년3월,J03402,승인,중국,,,,,00:55.0,00:59.0
H320202307102788,남,29,J00110,대학_대학교,서울,,,,28400,생산?품질 사무원,,신입,J03402,승인,,,,,,59:23.0,59:28.0
H321202307102787,여,49,J00110,대학_대학교,서울,관악구,서울,전체,231100,사회복지사,0,신입,J03402,승인,,,,,,59:16.0,57:57.0
H318202307102777,여,62,J00104,중학교,서울,금천구,,,541903,주차 단속원 및 안전 순찰원,,신입,J03402,승인,,,,,,57:51.0,57:55.0
H322202307102762,여,60,J00106,고등학교,서울,서초구,서울,강남구,561101,"건물 청소원(공공건물,아파트,사무실,병원,상가,공장 등)",2,2년0월,J03404,알선,,,,,,55:41.0,55:46.0
H120202307102758,남,77,J00106,고등학교,서울,은평구,서울,마포구,542000,경비원(건물 관리원),10,10년0월,J03402,승인,,,,,,55:07.0,55:11.0
H313202307102749,남,65,J00106,고등학교,서울,서대문구,,,561101,"건물 청소원(공공건물,아파트,사무실,병원,상가,공장 등)",,신입,J03402,승인,,,,,,53:25.0,53:30.0
H309202307102747,여,55,J00106,고등학교,서울,강북구,서울,성북구,550104,재가 요양보호사,,신입,J03404,알선,,,,,,53:04.0,53:08.0
H304202307102738,여,49,J00110,대학_대학교,서울,성동구,,,214106,영어 강사,15,15년0월,J03404,알선,,,,,,51:49.0,51:50.0
H318202307102718,여,32,J00106,고등학교,서울,금천구,서울,영등포구,307500,간호조무사,6,6년7월,J03402,승인,,,,,,48:33.0,11:37.0
H316202307102714,여,55,J00104,중학교,서울,강서구,서울,양천구,561101,"건물 청소원(공공건물,아파트,사무실,병원,상가,공장 등)",4,4년0월,J03402,승인,,,,,,47:37.0,47:41.0
H317202307102703,여,68,J00102,초등학교,서울,구로구,서울,금천구,561101,"건물 청소원(공공건물,아파트,사무실,병원,상가,공장 등)",25,25년0월,J03402,승인,,,,,,45:51.0,45:55.0
H310202307102701,여,62,J00102,초등학교,서울,도봉구,서울,,550104,재가 요양보호사,7,7년0월,J03404,알선,,,,,,45:42.0,45:46.0
H306202307102696,여,61,J00102,초등학교,서울,동대문구,서울,,550104,재가 요양보호사,,신입,J03402,승인,전농,답십리,장안1동,촬영소,,45:15.0,45:19.0
H319202307102669,여,66,J00104,중학교,서울,영등포구,서울,,550104,재가 요양보호사,5,5년0월,J03402,승인,신길1,신길7,대방,신길,치매,41:27.0,41:31.0
H307202307102657,여,72,J00102,초등학교,서울,중랑구,서울,,561100,청소원,3,3년0월,J03404,알선,,,,,,40:07.0,40:11.0
H318202307102656,남,63,J00104,중학교,서울,금천구,,,561101,"건물 청소원(공공건물,아파트,사무실,병원,상가,공장 등)",4,4년0월,J03404,알선,,,,,,39:59.0,40:02.0
H318202307102650,남,67,J00104,중학교,서울,금천구,서울,구로구,542002,"건물 경비원(청사,학교,병원,상가,빌딩,공장 등)",,신입,J03402,승인,,,,,,38:45.0,38:49.0
H304202307102643,남,65,J00110,대학_대학교,서울,광진구,서울,,542002,"건물 경비원(청사,학교,병원,상가,빌딩,공장 등)",,신입,J03404,알선,,,,,,37:36.0,37:42.0
H316202307102640,남,71,J00104,중학교,서울,강서구,서울,양천구,561100,청소원,5,5년0월,J03402,승인,,,,,,36:51.0,36:55.0
H325202307102623,남,67,J00106,고등학교,서울,강동구,서울,,561101,"건물 청소원(공공건물,아파트,사무실,병원,상가,공장 등)",,신입,J03402,승인,,,,,,34:29.0,34:35.0
H323202307102622,여,62,J00104,중학교,서울,금천구,서울,,550104,재가 요양보호사,8,8년0월,J03404,알선,,,,,,34:28.0,34:33.0
H314202307102614,여,59,J00106,고등학교,서울,마포구,서울,,616101,매장 계산원,9,9년0월,J03402,승인,,,,,,33:06.0,33:11.0
H311202307102611,남,70,J00104,중학교,서울,노원구,서울,,561101,"건물 청소원(공공건물,아파트,사무실,병원,상가,공장 등)",10,10년0월,J03404,알선,,,,,,32:48.0,32:53.0
H318202307102603,남,44,J00110,대학_대학교,서울,관악구,서울,금천구,15100,영업?판매 관리자,1,1년0월,J03402,승인,,,,,,31:50.0,31:55.0
H307202307102590,여,49,J00106,고등학교,서울,중랑구,서울,,561101,"건물 청소원(공공건물,아파트,사무실,병원,상가,공장 등)",,신입,J03404,알선,,,,,,29:47.0,29:52.0
H320202307102588,남,68,J00101,무학력,서울,동작구,서울,관악구,561101,"건물 청소원(공공건물,아파트,사무실,병원,상가,공장 등)",,신입,J03405,알선대기,,,,,,29:45.0,29:49.0
H320202307102562,여,62,J00106,고등학교,서울,동작구,,,550104,재가 요양보호사,0,0년3월,J03404,알선,,,,,,24:55.0,25:00.0
H001202307102559,남,64,J00104,중학교,,,,,561100,청소원,30,30년0월,J03402,승인,청소,미화,공공,주차관리,,24:42.0,31:37.0
H001202307102553,남,60,J00110,대학_대학교,서울,,,,521303,"박물관,미술관,문화,역사,자연환경 등 각종 해설사",,신입,J03402,승인,중국어,공공행정,사무원,상담사,해설사,24:08.0,25:47.0
H317202307102544,남,58,J00110,대학_대학교,서울,구로구,서울,양천구,214101,국어 강사,22,22년2월,J03402,승인,,,,,,22:51.0,22:58.0
H301202307102539,여,68,J00106,고등학교,서울,종로구,,,561101,"건물 청소원(공공건물,아파트,사무실,병원,상가,공장 등)",7,7년0월,J03402,승인,,,,,,22:10.0,22:14.0
H001202307102494,남,60,J00110,대학_대학교,서울,구로구,서울,양천구,834002,빌딩 전기관리원,,신입,J03402,승인,전기,소방안전,응용어플리케이션 분석/설계,PLSQL,자바/서블릿개발,16:21.0,11:26.0
H319202307102482,남,71,J00104,중학교,서울,영등포구,서울,,542002,"건물 경비원(청사,학교,병원,상가,빌딩,공장 등)",,신입,J03402,승인,,,,,,14:41.0,14:46.0
H310202307102477,여,71,J00104,중학교,서울,도봉구,서울,,550104,재가 요양보호사,12,12년0월,J03404,알선,,,,,,14:01.0,14:05.0
H319202307102475,남,74,J00106,고등학교,서울,영등포구,서울,구로구,542002,"건물 경비원(청사,학교,병원,상가,빌딩,공장 등)",21,21년0월,J03404,알선,,,,,,13:22.0,13:25.0
H322202307102460,여,60,J00106,고등학교,서울,서초구,서울,강남구,901400,원예작물 재배원,,신입,J03402,승인,,,,,,11:45.0,11:49.0
H001202307102448,남,63,J00110,대학_대학교,서울,노원구,서울,중랑구,26101,경영 기획 사무원,35,35년0월,J03402,승인,,,,,,10:10.0,16:23.0
H318202307102447,여,58,J00106,고등학교,서울,금천구,,,550104,재가 요양보호사,8,8년0월,J03402,승인,,,단시간,,,10:07.0,10:10.0
H324202307102429,여,57,J00106,고등학교,서울,송파구,서울,강동구,550104,재가 요양보호사,1,1년6월,J03404,알선,,,,,,07:32.0,07:36.0
H319202307102415,남,57,J00106,고등학교,서울,영등포구,,,824102,"전기용접원(아크,알곤,티그용접원)",20,20년0월,J03402,승인,,,,,,05:35.0,05:42.0
H001202307102399,남,68,J00106,고등학교,서울,강남구,서울,영등포구,562300,주차 관리?안내원,2,2년0월,J03402,승인,주차 관리?안내원,경비원(건물 관리원),"건물 경비원(청사,학교,병원,상가,빌딩,공장 등)",,,03:45.0,31:09.0
H325202307102395,여,67,J00102,초등학교,서울,강동구,,,561100,청소원,5,5년0월,J03404,알선,,,,,,03:32.0,03:36.0
H307202307102390,여,62,J00102,초등학교,서울,중랑구,서울,,550104,재가 요양보호사,2,2년3월,J03404,알선,,,,,,02:52.0,02:56.0
H324202307102388,남,26,J00110,대학_대학교,서울,송파구,서울,강동구,415400,시각 디자이너,,신입,J03404,알선,,,,,,02:37.0,02:42.0
H309202307102377,여,64,J00104,중학교,서울,강북구,,,550104,재가 요양보호사,5,5년0월,J03404,알선,,,,,,01:27.0,01:31.0
H001202307102370,여,50,J00110,대학_대학교,서울,,,,214404,기타 예능 강사(바둑?웅변?연기?꽃꽂이?종이접기 등),,신입,J03402,승인,,,,,,00:02.0,17:54.0
H319202307102364,남,61,J00106,고등학교,서울,영등포구,,,542002,"건물 경비원(청사,학교,병원,상가,빌딩,공장 등)",,신입,J03402,승인,학교,야간당직,당직,,,59:20.0,59:25.0
H325202307102361,여,66,J00110,대학_대학교,서울,강동구,서울,송파구,550200,육아 도우미(베이비시터),,신입,J03402,승인,,,,,,59:07.0,59:14.0
H305202307102354,남,63,J00106,고등학교,서울,광진구,서울,성동구,542002,"건물 경비원(청사,학교,병원,상가,빌딩,공장 등)",3,3년0월,J03404,알선,,,,,,58:25.0,58:31.0
H001202307102350,여,59,J00101,무학력,서울,마포구,서울,용산구,532200,홀서빙원,15,15년0월,J03404,알선,,,,,,58:03.0,07:38.0
H317202307102336,남,69,J00106,고등학교,서울,구로구,서울,관악구,542000,경비원(건물 관리원),8,8년0월,J03404,알선,,,,,,56:23.0,56:26.0
H306202307102324,여,65,J00106,고등학교,서울,동대문구,서울,,232903,장애인 생활지도원(장애인활동보조원 포함),4,4년0월,J03402,승인,,,,,,54:46.0,54:52.0
H324202307102321,남,74,J00106,고등학교,서울,송파구,서울,강동구,901500,조경원,,신입,J03402,승인,,,,,,54:16.0,54:21.0
H305202307102293,여,65,J00104,중학교,서울,광진구,,,550104,재가 요양보호사,1,1년5월,J03404,알선,,,,,,51:06.0,51:12.0
H325202307102283,여,65,J00106,고등학교,서울,강동구,,,561101,"건물 청소원(공공건물,아파트,사무실,병원,상가,공장 등)",10,10년0월,J03402,승인,,,,,,49:52.0,49:57.0
H304202307102271,남,72,J00104,중학교,서울,,,,706002,건설?채굴 단순 종사원,10,10년0월,J03402,승인,,,,,,48:19.0,48:23.0
H313202307102266,남,71,J00106,고등학교,서울,서대문구,,,562300,주차 관리?안내원,,신입,J03402,승인,,,,,,47:48.0,47:53.0
H317202307102258,남,50,J00106,고등학교,,,,,706000,건설?채굴 단순 종사원,15,15년0월,J03404,알선,,,,,,46:32.0,46:39.0
H314202307102253,남,73,J00106,고등학교,서울,마포구,서울,,561100,청소원,,신입,J03402,승인,,,,,,45:50.0,45:55.0
H320202307102247,여,60,J00106,고등학교,서울,동작구,서울,,561101,"건물 청소원(공공건물,아파트,사무실,병원,상가,공장 등)",,신입,J03404,알선,,,,,,44:49.0,44:54.0
H319202307102241,남,65,J00106,고등학교,서울,영등포구,서울,,561101,"건물 청소원(공공건물,아파트,사무실,병원,상가,공장 등)",5,5년0월,J03404,알선,,,,,,43:49.0,43:55.0
H316202307102239,여,29,J00108,전문대학,서울,강서구,서울,,29506,사무 보조원(일반사업체),,신입,J03402,승인,,,,,,43:30.0,43:35.0
H310202307102232,남,20,J00110,대학_대학교,서울,도봉구,서울,,240200,소방관,,신입,J03402,승인,,,,,,42:43.0,42:48.0
H105202307102195,남,78,J00100,관계없음,서울,관악구,서울,,562300,주차 관리?안내원,5,5년0월,J03404,알선,,,,,,37:53.0,37:57.0
H890202307102193,여,20,J00106,고등학교,서울,,,,882900,기타 목재?종이 기계 조작원,,신입,J03402,승인,,,,,,37:29.0,37:34.0
H325202307102168,여,64,J00102,초등학교,서울,강동구,서울,,550100,요양 보호사 및 간병인,,신입,J03404,알선,,,,,,33:09.0,33:13.0
H319202307102155,남,24,J00110,대학_대학교,인천,미추홀구,,,26301,총무 및 일반 사무원,,신입,J03402,승인,,,,,,31:34.0,31:40.0
H314202307102149,여,62,J00106,고등학교,서울,마포구,서울,,532300,주방 보조원,4,4년0월,J03402,승인,,,,,,30:30.0,30:35.0
H319202307102127,남,60,J00104,중학교,서울,영등포구,서울,,542002,"건물 경비원(청사,학교,병원,상가,빌딩,공장 등)",,신입,J03404,알선,,,,,,27:56.0,27:59.0
H309202307102125,남,74,J00106,고등학교,서울,도봉구,서울,,562900,기타 서비스 단순 종사원,10,10년0월,J03402,승인,방화관리자2급,,,,,27:50.0,27:54.0
H305202307102107,남,71,J00104,중학교,서울,광진구,서울,,561101,"건물 청소원(공공건물,아파트,사무실,병원,상가,공장 등)",,신입,J03402,승인,,,,,,25:00.0,25:05.0
H309202307102103,남,68,J00102,초등학교,서울,강북구,서울,,541903,주차 단속원 및 안전 순찰원,,신입,J03402,승인,,,,,,24:41.0,24:44.0
H001202307102094,여,41,J00108,전문대학,서울,구로구,서울,금천구,231100,사회복지사,2,2년3월,J03402,승인,,,,,,23:14.0,26:01.0
H306202307102087,여,68,J00104,중학교,서울,동대문구,,,550104,재가 요양보호사,8,8년0월,J03402,승인,,,,,,22:36.0,22:39.0
H311202307102072,남,62,J00110,대학_대학교,서울,노원구,서울,중랑구,541900,기타 경호?보안 종사원,,신입,J03404,알선,,,,,,20:46.0,20:50.0
H301202307102064,남,66,J00108,전문대학,서울,중구,서울,,702901,건물 보수원 및 영선원(아파트 기계?전기 시설관리 제외),18,18년0월,J03402,승인,,,,,,19:19.0,19:24.0
H307202307102063,여,62,J00106,고등학교,서울,중랑구,서울,,550104,재가 요양보호사,3,3년0월,J03404,알선,,,,,,19:15.0,19:19.0
H311202307102049,여,66,J00104,중학교,서울,노원구,서울,,561101,"건물 청소원(공공건물,아파트,사무실,병원,상가,공장 등)",6,6년0월,J03404,알선,,,,,,17:29.0,17:33.0
H308202307102044,남,67,J00106,고등학교,서울,성북구,서울,,561100,청소원,5,5년0월,J03404,알선,,,,,,16:54.0,16:58.0
H323202307102025,남,57,J00106,고등학교,서울,강남구,서울,송파구,542002,"건물 경비원(청사,학교,병원,상가,빌딩,공장 등)",,신입,J03404,알선,,,,,,14:34.0,14:40.0
H309202307102020,남,72,J00106,고등학교,,,,,561100,청소원,,신입,J03402,승인,,,,,,14:00.0,14:03.0
H107202307102016,남,69,J00106,고등학교,서울,노원구,서울,,562900,기타 서비스 단순 종사원,,신입,J03402,승인,,,,,,13:37.0,13:42.0
H313202307102000,여,68,J00106,고등학교,서울,서대문구,서울,,550104,재가 요양보호사,0,0년1월,J03404,알선,,,,,,11:10.0,11:14.0
H306202307101989,여,64,J00106,고등학교,서울,동대문구,서울,,550100,요양 보호사 및 간병인,1,1년6월,J03404,알선,입주,요양,,,,09:58.0,10:02.0
H317202307101978,남,63,J00102,초등학교,서울,구로구,서울,영등포구,862301,재봉사(의류?직물) ,10,10년0월,J03402,승인,,,,,,08:00.0,56:23.0
H324202307101962,남,78,J00102,초등학교,서울,송파구,,,562900,기타 서비스 단순 종사원,0,0년9월,J03402,승인,청소원,경비원,,,,05:44.0,05:51.0
H322202307101951,여,51,J00106,고등학교,서울,서초구,서울,강남구,29202,콜센터 상담원(콜센터?고객센터?CS센터),15,15년0월,J03404,알선,,,,,,04:16.0,18:19.0
H319202307101947,여,27,J00106,고등학교,서울,영등포구,서울,,890000,제조 단순 종사원,,신입,J03404,알선,,,,,,03:18.0,03:21.0
H302202307101942,여,59,J00106,고등학교,서울,중구,,,25500,공공행정 사무원,,신입,J03404,알선,,,,,,02:35.0,02:39.0
H315202307101941,여,62,J00100,관계없음,서울,양천구,서울,강서구,550104,재가 요양보호사,4,4년0월,J03404,알선,,,,,,02:23.0,02:26.0
H306202307101925,여,70,J00104,중학교,서울,동대문구,서울,,561101,"건물 청소원(공공건물,아파트,사무실,병원,상가,공장 등)",,신입,J03402,승인,청소,미화,단순,,,00:05.0,00:10.0
H315202307101909,여,53,J00108,전문대학,서울,양천구,서울,영등포구,550103,시설 요양보호사(노인요양사),1,1년0월,J03404,알선,,,,,,57:42.0,57:46.0
H129202307101904,남,66,J00106,고등학교,서울,송파구,서울,강동구,542002,"건물 경비원(청사,학교,병원,상가,빌딩,공장 등)",38,38년0월,J03402,승인,안전,관리,,,,56:19.0,56:26.0
H305202307101876,남,65,J00106,고등학교,서울,,,,561101,"건물 청소원(공공건물,아파트,사무실,병원,상가,공장 등)",,신입,J03402,승인,,,,,,52:19.0,52:23.0
H128202307101865,여,79,J00102,초등학교,서울,강북구,서울,,561101,"건물 청소원(공공건물,아파트,사무실,병원,상가,공장 등)",3,3년0월,J03402,승인,,,,,,50:18.0,50:21.0
H316202307101859,여,63,J00106,고등학교,서울,강서구,,,550104,재가 요양보호사,4,4년2월,J03402,승인,등촌,가양,오후,치매,,49:31.0,49:31.0
H323202307101854,여,68,J00106,고등학교,서울,,,,561101,"건물 청소원(공공건물,아파트,사무실,병원,상가,공장 등)",7,7년0월,J03404,알선,,,,,,49:01.0,49:04.0
H306202307101845,여,58,J00106,고등학교,서울,동대문구,서울,,550104,재가 요양보호사,1,1년0월,J03404,알선,동대문구,석관동,이문,,,47:45.0,47:51.0
H001202307101843,여,56,J00110,대학_대학교,서울,양천구,서울,영등포구,307500,간호조무사,,신입,J03404,알선,,,,,,47:03.0,07:50.0
H316202307101835,여,55,J00106,고등학교,서울,강서구,,,550104,재가 요양보호사,0,0년6월,J03402,승인,,,,,,46:05.0,46:11.0
H313202307101831,남,72,J00106,고등학교,서울,서대문구,서울,,561100,청소원,,신입,J03402,승인,,,,,,45:44.0,45:49.0
H321202307101826,남,31,J00108,전문대학,서울,관악구,서울,,415503,그래픽아트 기술자,0,0년3월,J03404,알선,모션 그래픽 디자이너,영상 편집,멀티미디어콘텐츠제작,영어 프리토킹,일어 프리토킹,45:19.0,45:19.0
H304202307101813,남,67,J00106,고등학교,서울,성동구,서울,,885900,드론 및 주입?포장?상표부착기 등 기타 기계 조작원,,신입,J03402,승인,,,,,,43:20.0,43:25.0
H314202307101798,남,58,J00110,대학_대학교,서울,마포구,서울,서대문구,561100,청소원,8,8년0월,J03404,알선,,,,,,41:22.0,41:27.0
H317202307101795,여,67,J00104,중학교,서울,구로구,,,550104,재가 요양보호사,10,10년0월,J03404,알선,,,,,,41:06.0,41:11.0
H129202307101792,남,71,J00104,중학교,서울,송파구,서울,,561101,"건물 청소원(공공건물,아파트,사무실,병원,상가,공장 등)",,신입,J03404,알선,,,,,,40:52.0,40:57.0
H320202307101788,남,51,J00108,전문대학,서울,동작구,서울,관악구,550103,시설 요양보호사(노인요양사),14,14년0월,J03404,알선,,,,,,40:09.0,40:14.0
H320202307101785,여,40,J00110,대학_대학교,서울,동작구,서울,,26103,영업 기획?관리?지원 사무원,15,15년5월,J03404,알선,,,,,,39:27.0,39:32.0
H323202307101772,여,71,J00104,중학교,서울,,,,615100,상점 판매원,10,10년0월,J03404,알선,,,,,,38:03.0,38:08.0
H322202307101764,남,64,J00110,대학_대학교,서울,서초구,서울,강남구,562300,주차 관리?안내원,15,15년0월,J03404,알선,,,,,,36:46.0,36:52.0
H303202307101763,여,63,J00104,중학교,서울,용산구,서울,,561101,"건물 청소원(공공건물,아파트,사무실,병원,상가,공장 등)",2,2년0월,J03402,승인,,,,,,36:35.0,36:41.0
H108202307101762,남,60,J00104,중학교,서울,서대문구,서울,마포구,622300,화물차?특수차 운전원,10,10년0월,J03402,승인,,,,,,35:26.0,35:30.0
H312202307101756,여,62,J00104,중학교,서울,은평구,,,550104,재가 요양보호사,,신입,J03402,승인,,,,,,33:58.0,34:04.0
H001202307101745,여,51,J00106,고등학교,서울,노원구,서울,도봉구,29500,전산자료 입력원 및 사무 보조원,1,1년0월,J03402,승인,전산입력,단순 포장 생산,현수막 디자인,코렐드로우,도서관 운영보조,32:18.0,51:59.0
H313202307101739,여,66,J00104,중학교,서울,서대문구,서울,,617900,기타 판매 단순 종사원,,신입,J03404,알선,,,,,,31:48.0,31:54.0
H324202307101724,여,39,J00106,고등학교,서울,강남구,서울,송파구,531700,음료 조리사(바리스타 포함),8,8년0월,J03404,알선,바리스타,제과제빵,경리회계,,,30:22.0,46:48.0
H001202307101723,여,49,J00110,대학_대학교,서울,,서울,송파구,415501,웹 디자이너,9,9년0월,J03402,승인,,,,,,30:13.0,52:24.0
H001202307101713,여,26,J00110,대학_대학교,서울,,경기,고양시,133302,웹 기획자,,신입,J03402,승인,,,,,,28:48.0,04:25.0
H001202307101703,여,31,J00110,대학_대학교,서울,,경기,,25500,공공행정 사무원,,신입,J03402,승인,,,,,,27:43.0,43:36.0
H303202307101697,여,76,J00106,고등학교,서울,용산구,서울,,550104,재가 요양보호사,6,6년2월,J03402,승인,,,,,,26:53.0,26:57.0
H001202307101696,남,56,J00112,석사과정,서울,용산구,서울,마포구,26303,학교행정 사무원(교무),,신입,J03402,승인,직업상담,여신심사,,,,26:05.0,46:53.0
H324202307101695,여,61,J00104,중학교,서울,송파구,서울,,532301,주방 보조원(일반 음식점),20,20년0월,J03404,알선,,,,,,24:01.0,24:06.0
H301202307101680,여,68,J00106,고등학교,서울,종로구,서울,,561101,"건물 청소원(공공건물,아파트,사무실,병원,상가,공장 등)",,신입,J03402,승인,,,,,,21:42.0,21:47.0
H324202307101674,여,63,J00106,고등학교,서울,송파구,,,550104,재가 요양보호사,11,11년0월,J03404,알선,,,,,,21:11.0,21:14.0
H001202307101672,여,39,J00112,석사과정,경기,광명시,,,231400,직업상담사,6,6년0월,J03402,승인,,,,,,20:47.0,47:32.0
H304202307101655,여,53,J00106,고등학교,서울,성동구,서울,,232902,아동 생활지도원,,신입,J03404,알선,,,,,,18:27.0,18:30.0
H001202307101652,여,38,J00110,대학_대학교,경기,부천시,서울,,231400,직업상담사,6,6년0월,J03402,승인,,,,,,17:59.0,20:28.0
H314202307101645,여,62,J00106,고등학교,서울,마포구,서울,,550104,재가 요양보호사,1,1년0월,J03404,알선,,,,,,15:21.0,15:21.0
H319202307101644,여,31,J00102,초등학교,서울,영등포구,서울,,532300,주방 보조원,,신입,J03402,승인,,,,,,15:12.0,15:17.0
H321202307101643,여,55,J00104,중학교,서울,관악구,,,550100,요양 보호사 및 간병인,,신입,J03404,알선,,,,,,15:08.0,15:12.0
H118202307101642,여,67,J00104,중학교,서울,동작구,서울,서초구,561101,"건물 청소원(공공건물,아파트,사무실,병원,상가,공장 등)",10,10년0월,J03402,승인,,,,,,14:12.0,14:16.0
H315202307101641,남,56,J00106,고등학교,서울,양천구,서울,,871100,제과?제빵원,20,20년0월,J03404,알선,,,,,,13:04.0,13:09.0
H317202307101633,여,67,J00106,고등학교,서울,구로구,,,561101,"건물 청소원(공공건물,아파트,사무실,병원,상가,공장 등)",0,0년6월,J03402,승인,,,,,,11:41.0,11:46.0
H319202307101616,여,55,J00104,중학교,서울,영등포구,서울,,561101,"건물 청소원(공공건물,아파트,사무실,병원,상가,공장 등)",5,5년1월,J03404,알선,,,,,,08:40.0,08:45.0
H319202307101601,남,38,J00110,대학_대학교,서울,영등포구,,,25500,공공행정 사무원,2,2년1월,J03402,승인,,,,,,03:27.0,03:31.0
H324202307101583,남,65,J00102,초등학교,서울,,서울,강동구,561101,"건물 청소원(공공건물,아파트,사무실,병원,상가,공장 등)",2,2년9월,J03402,승인,,,,,,59:58.0,00:02.0
H118202307101579,여,70,J00104,중학교,,,,,550104,재가 요양보호사,0,0년6월,J03402,승인,,,,,,59:43.0,59:47.0
H308202307101572,여,60,J00101,무학력,서울,성북구,,,550103,시설 요양보호사(노인요양사),,신입,J03404,알선,,,,,,59:00.0,59:05.0
H317202307101566,남,66,J00106,고등학교,서울,구로구,서울,금천구,622902,승합차 운전원,4,4년3월,J03404,알선,통학버스,1종대형,,,,58:22.0,58:26.0
H318202307101557,여,57,J00106,고등학교,서울,금천구,,,617902,상품 진열원,,신입,J03402,승인,,,,,,57:29.0,57:33.0
H307202307101550,남,63,J00106,고등학교,서울,중랑구,서울,노원구,624103,배송?납품 운전원(납품영업 포함),10,10년0월,J03402,승인,,,,,,53:00.0,53:06.0
H320202307101517,남,72,J00108,전문대학,서울,동작구,서울,,561101,"건물 청소원(공공건물,아파트,사무실,병원,상가,공장 등)",,신입,J03404,알선,,,,,,46:11.0,46:16.0
H312202307101516,여,55,J00106,고등학교,서울,은평구,,,550104,재가 요양보호사,,신입,J03404,알선,,,,,,45:47.0,45:51.0
H316202307101515,여,60,J00106,고등학교,서울,강서구,,,532300,주방 보조원,,신입,J03404,알선,,,,,,44:22.0,44:27.0
H309202307101514,남,70,J00104,중학교,서울,강북구,,,542000,경비원(건물 관리원),5,5년0월,J03402,승인,,,,,,43:21.0,43:25.0
H313202307101513,남,67,J00106,고등학교,서울,종로구,,,561100,청소원,10,10년0월,J03402,승인,,,,,,41:58.0,42:02.0
H314202307101512,여,49,J00106,고등학교,서울,마포구,서울,,29900,기타 사무원,,신입,J03402,승인,,,,,,41:50.0,41:55.0
H318202307101497,남,66,J00110,대학_대학교,서울,금천구,서울,,550104,재가 요양보호사,0,0년9월,J03404,알선,,,,,,39:52.0,39:56.0
H307202307101491,여,68,J00104,중학교,서울,중랑구,서울,,561101,"건물 청소원(공공건물,아파트,사무실,병원,상가,공장 등)",,신입,J03404,알선,,,,,,39:22.0,39:27.0
H305202307101472,남,20,J00110,대학_대학교,경기,,서울,,231100,사회복지사,,신입,J03402,승인,,,,,,35:19.0,35:24.0
H325202307101471,남,66,J00106,고등학교,서울,강동구,서울,,622900,기타 자동차 운전원,,신입,J03402,승인,,,,,,32:44.0,32:50.0
H306202307101470,남,67,J00104,중학교,서울,동대문구,서울,,13903,빌딩 관리소장,4,4년0월,J03402,승인,소장,영선,주차관리,소방안전,경비,32:37.0,32:41.0
H314202307101448,여,68,J00108,전문대학,서울,마포구,서울,,550104,재가 요양보호사,,신입,J03404,알선,,,,,,28:15.0,28:19.0
H325202307101445,남,62,J00104,중학교,서울,강동구,경기,하남시,542001,아파트?빌라 경비원,,신입,J03402,승인,,,,,,27:56.0,28:01.0
H305202307101441,남,20,J00110,대학_대학교,경북,김천시,,,26301,총무 및 일반 사무원,,신입,J03402,승인,,,,,,27:22.0,27:27.0
H306202307101423,여,55,J00106,고등학교,서울,동대문구,서울,,232903,장애인 생활지도원(장애인활동보조원 포함),,신입,J03402,승인,동대문구,장애인활동보조,,,,20:06.0,20:10.0
H001202307101412,남,55,J00106,고등학교,서울,중구,서울,종로구,702901,건물 보수원 및 영선원(아파트 기계?전기 시설관리 제외),4,4년10월,J03402,승인,영선,소방안전원 보조자,,,,18:47.0,32:07.0
H304202307101402,여,73,J00104,중학교,서울,성동구,서울,강남구,561601,가사 도우미,1,1년0월,J03402,승인,,,,,,17:25.0,17:31.0
H303202307101398,남,55,J00106,고등학교,서울,용산구,서울,마포구,624103,배송?납품 운전원(납품영업 포함),10,10년0월,J03402,승인,배송,배달,운전,원효로3가,,15:13.0,15:18.0
H324202307101397,여,59,J00104,중학교,서울,강동구,서울,송파구,561100,청소원,2,2년6월,J03405,알선대기,,,,,,12:38.0,12:42.0
H304202307101394,여,57,J00106,고등학교,서울,성동구,서울,,550104,재가 요양보호사,,신입,J03404,알선,,,,,,12:20.0,12:25.0
H001202307101384,여,23,J00110,대학_대학교,,,,,135001,정보보호 전문가,,신입,J03402,승인,,,,,,10:59.0,23:27.0
H305202307101370,남,68,J00104,중학교,서울,광진구,서울,,542002,"건물 경비원(청사,학교,병원,상가,빌딩,공장 등)",,신입,J03404,알선,,,,,,09:15.0,09:21.0
H323202307101368,여,71,J00104,중학교,서울,강남구,서울,성동구,561101,"건물 청소원(공공건물,아파트,사무실,병원,상가,공장 등)",12,12년0월,J03404,알선,성수동,청소원,경력,,,08:58.0,09:02.0
H323202307101353,여,56,J00102,초등학교,서울,강남구,서울,중랑구,561101,"건물 청소원(공공건물,아파트,사무실,병원,상가,공장 등)",3,3년4월,J03405,알선대기,,,,,,04:47.0,04:51.0
H001202307101337,여,64,J00114,박사과정,서울,,경기,,214113,그 외 문리?어학 강사,,신입,J03402,승인,외국어,강의,안내 해설,,,02:18.0,43:48.0
H317202307101335,여,33,J00110,대학_대학교,서울,구로구,서울,금천구,28102,무역 사무원(중국어),2,2년0월,J03404,알선,,,,,,01:28.0,01:33.0
H311202307101334,남,62,J00110,대학_대학교,서울,노원구,서울,,232900,기타 사회복지 종사원,,신입,J03402,승인,,,,,,01:27.0,01:32.0
H315202307101321,여,63,J00106,고등학교,서울,양천구,,,307500,간호조무사,30,30년0월,J03402,승인,,,,,,59:28.0,59:33.0
H304202307101315,여,59,J00104,중학교,서울,성동구,서울,,561101,"건물 청소원(공공건물,아파트,사무실,병원,상가,공장 등)",,신입,J03402,승인,,,,,,59:05.0,59:10.0
H322202307101293,여,46,J00106,고등학교,서울,서초구,서울,,29505,사무 보조원(공공기관),10,10년0월,J03402,승인,,,,,,55:11.0,55:16.0
H301202307101281,여,57,J00110,대학_대학교,서울,,,,550104,재가 요양보호사,,신입,J03404,알선,,,,,,53:46.0,53:50.0
H323202307101273,여,52,J00110,대학_대학교,서울,강남구,서울,서초구,29505,사무 보조원(공공기관),,신입,J03402,승인,,,,,,52:33.0,52:38.0
H307202307101251,여,67,J00106,고등학교,서울,중랑구,서울,,550104,재가 요양보호사,0,0년2월,J03404,알선,,,,,,48:59.0,49:03.0
H306202307101244,여,72,J00108,전문대학,서울,동대문구,서울,,550104,재가 요양보호사,10,10년0월,J03404,알선,요양,동대문구,,,,47:54.0,47:58.0
H310202307101231,여,64,J00100,관계없음,서울,도봉구,서울,노원구,561101,"건물 청소원(공공건물,아파트,사무실,병원,상가,공장 등)",10,10년0월,J03404,알선,,,,,,45:41.0,45:47.0
H125202307101225,남,72,J00106,고등학교,서울,도봉구,서울,,542001,아파트?빌라 경비원,10,10년0월,J03404,알선,,,,,,44:56.0,45:02.0
H301202307101208,남,66,J00106,고등학교,서울,,,,542002,"건물 경비원(청사,학교,병원,상가,빌딩,공장 등)",,신입,J03404,알선,,,,,,42:49.0,42:52.0
H321202307101185,남,65,J00102,초등학교,서울,관악구,서울,,542002,"건물 경비원(청사,학교,병원,상가,빌딩,공장 등)",1,1년0월,J03404,알선,경비,,,,,39:56.0,40:00.0
H311202307101174,남,69,J00104,중학교,서울,강북구,서울,,415301,인테리어 디자이너,30,30년0월,J03402,승인,,,,,,38:43.0,38:46.0
H317202307101163,남,53,J00106,고등학교,서울,구로구,서울,,612407,일반 영업원,25,25년0월,J03404,알선,,,,,,37:30.0,37:36.0
H316202307101154,여,58,J00104,중학교,서울,강서구,서울,양천구,550103,시설 요양보호사(노인요양사),,신입,J03402,승인,,,,,,34:48.0,34:53.0
H101202307101145,남,64,J00110,대학_대학교,서울,은평구,경기,고양시,25500,공공행정 사무원,2,2년0월,J03402,승인,,,,,,33:12.0,33:16.0
H308202307101134,여,61,J00104,중학교,서울,성북구,,,550104,재가 요양보호사,3,3년0월,J03404,알선,,,,,,31:51.0,31:55.0
H324202307101133,남,34,J00110,대학_대학교,서울,,경기,성남시,214106,영어 강사,3,3년0월,J03404,알선,,,,,,31:49.0,31:55.0
H307202307101131,여,62,J00102,초등학교,서울,중랑구,서울,,561101,"건물 청소원(공공건물,아파트,사무실,병원,상가,공장 등)",,신입,J03404,알선,,,,,,31:44.0,31:49.0
H324202307101127,여,59,J00104,중학교,서울,송파구,서울,강동구,532300,주방 보조원,10,10년0월,J03404,알선,,,,,,30:59.0,31:03.0
H305202307101125,남,21,J00110,대학_대학교,서울,광진구,경기,파주시,28308,물류 사무원(물류 관리사),,신입,J03402,승인,,,,,,30:21.0,30:27.0
H325202307101121,남,54,J00110,대학_대학교,서울,전체,경기,하남시,622301,경?소형 화물차 운전원,20,20년0월,J03404,알선,운전,생산,,,,29:53.0,44:00.0
H308202307101111,남,58,J00104,중학교,서울,성북구,서울,강북구,542002,"건물 경비원(청사,학교,병원,상가,빌딩,공장 등)",0,신입,J03402,승인,,,,,,28:18.0,40:21.0
H308202307101106,여,65,J00100,관계없음,서울,성북구,서울,,550104,재가 요양보호사,,신입,J03404,알선,,,,,,27:30.0,27:34.0
H317202307101092,여,52,J00108,전문대학,서울,구로구,경기,광명시,616101,매장 계산원,2,2년0월,J03402,승인,,,,,,23:53.0,23:58.0
H315202307101087,여,69,J00104,중학교,서울,양천구,,,550104,재가 요양보호사,2,2년0월,J03404,알선,,,,,,23:21.0,23:25.0
H101202307101080,남,58,J00110,대학_대학교,서울,강서구,,,542002,"건물 경비원(청사,학교,병원,상가,빌딩,공장 등)",,신입,J03402,승인,,,,,,22:27.0,22:35.0
H120202307101075,남,73,J00106,고등학교,서울,은평구,서울,,542002,"건물 경비원(청사,학교,병원,상가,빌딩,공장 등)",9,9년0월,J03402,승인,,,,,,21:58.0,22:03.0
H304202307101068,여,63,J00106,고등학교,서울,성동구,서울,,561101,"건물 청소원(공공건물,아파트,사무실,병원,상가,공장 등)",,신입,J03402,승인,,,,,,20:58.0,21:03.0
H315202307101067,여,33,J00110,대학_대학교,서울,양천구,서울,영등포구,29500,전산자료 입력원 및 사무 보조원,,신입,J03404,알선,,,,,,20:53.0,20:57.0
H303202307101064,여,55,J00106,고등학교,서울,용산구,서울,,532301,주방 보조원(일반 음식점),0,0년5월,J03404,알선,주방보조,조리원,,,,20:36.0,20:41.0
H325202307101049,여,55,J00106,고등학교,서울,강동구,,,615101,백화점 판매원,,신입,J03402,승인,,,,,,17:47.0,17:51.0
H323202307101039,여,48,J00106,고등학교,서울,,,,28101,무역 사무원(영어),17,17년0월,J03402,승인,,,,,,16:33.0,16:39.0
H301202307101036,남,48,J00106,고등학교,서울,종로구,서울,,542000,경비원(건물 관리원),,신입,J03402,승인,,,,,,15:49.0,15:54.0
H324202307101026,여,61,J00106,고등학교,서울,강남구,서울,송파구,561200,환경미화원 및 재활용품 수거원,1,1년4월,J03402,승인,,,,,,13:42.0,13:46.0
H310202307101020,여,66,J00102,초등학교,서울,도봉구,서울,동대문구,561101,"건물 청소원(공공건물,아파트,사무실,병원,상가,공장 등)",10,10년0월,J03404,알선,청소,,,,,12:44.0,12:47.0
H001202307101013,남,26,J00110,대학_대학교,서울,,경기,,26102,마케팅?광고?홍보?상품기획 사무원,,신입,J03402,승인,,,,,,11:05.0,09:00.0
H001202307101001,여,40,J00106,고등학교,서울,금천구,,,531200,한식 조리사,1,1년0월,J03402,승인,한식 조리사,,,,,08:20.0,51:29.0
H320202307100994,남,60,J00106,고등학교,서울,동작구,서울,,542002,"건물 경비원(청사,학교,병원,상가,빌딩,공장 등)",,신입,J03404,알선,,,,,,06:56.0,07:01.0
H314202307100989,남,74,J00106,고등학교,서울,마포구,서울,,542001,아파트?빌라 경비원,,신입,J03402,승인,,,,,,05:27.0,05:32.0
H319202307100987,남,70,J00106,고등학교,서울,영등포구,서울,,542002,"건물 경비원(청사,학교,병원,상가,빌딩,공장 등)",,신입,J03402,승인,,,,,,04:48.0,04:51.0
H306202307100986,여,55,J00106,고등학교,서울,동대문구,서울,,550103,시설 요양보호사(노인요양사),4,4년0월,J03404,알선,동대문구,데이케어,장애인활동보조,,,04:47.0,04:51.0
H310202307100979,여,64,J00104,중학교,서울,도봉구,서울,노원구,550104,재가 요양보호사,1,1년0월,J03404,알선,재가,,,,,03:47.0,03:52.0
H304202307100976,남,68,J00102,초등학교,서울,성동구,서울,,542002,"건물 경비원(청사,학교,병원,상가,빌딩,공장 등)",,신입,J03402,승인,,,,,,03:12.0,03:18.0
H323202307100950,남,74,J00106,고등학교,서울,강남구,서울,서초구,622904,주차 운전원,7,7년0월,J03404,알선,,,,,,59:26.0,59:31.0
H317202307100947,남,69,J00104,중학교,서울,구로구,서울,영등포구,561101,"건물 청소원(공공건물,아파트,사무실,병원,상가,공장 등)",2,2년0월,J03402,승인,중국인,격일,,,,59:04.0,59:08.0
H305202307100931,남,23,J00110,대학_대학교,경기,수원시,서울,,417200,연예인 매니저 및 스포츠 매니저,,신입,J03402,승인,,,,,,57:20.0,57:25.0
H304202307100925,여,34,J00108,전문대학,서울,성동구,서울,광진구,232100,보육 교사,0,0년7월,J03402,승인,,,,,,56:40.0,56:46.0
H323202307100923,남,68,J00106,고등학교,서울,강남구,서울,송파구,542001,아파트?빌라 경비원,,신입,J03404,알선,,,,,,56:15.0,56:19.0
H313202307100919,여,67,J00106,고등학교,서울,서대문구,서울,은평구,550104,재가 요양보호사,1,1년0월,J03404,알선,,,,,,54:40.0,54:44.0
H308202307100915,남,62,J00102,초등학교,서울,성북구,서울,,561200,환경미화원 및 재활용품 수거원,1,1년0월,J03402,승인,,,,,,54:11.0,54:16.0
H316202307100898,남,68,J00104,중학교,서울,강서구,경기,김포시,542000,경비원(건물 관리원),,신입,J03404,알선,,,,,,50:43.0,50:44.0
H320202307100895,여,62,J00102,초등학교,서울,동작구,서울,영등포구,215302,보육시설 서비스 종사원,,신입,J03404,알선,,,,,,49:29.0,49:34.0
H311202307100888,남,77,J00106,고등학교,서울,노원구,서울,,542002,"건물 경비원(청사,학교,병원,상가,빌딩,공장 등)",1,1년0월,J03402,승인,,,,,,49:03.0,49:08.0
H306202307100883,남,34,J00110,대학_대학교,서울,동대문구,서울,,415500,미디어 콘텐츠 디자이너,,신입,J03402,승인,,,,,,47:59.0,48:05.0
H118202307100873,여,70,J00104,중학교,서울,구로구,,,561101,"건물 청소원(공공건물,아파트,사무실,병원,상가,공장 등)",1,1년0월,J03402,승인,,,,,,46:24.0,46:28.0
H305202307100869,여,47,J00106,고등학교,서울,광진구,,,617900,기타 판매 단순 종사원,,신입,J03402,승인,,,,,,45:48.0,45:53.0
H324202307100856,남,27,J00110,대학_대학교,서울,송파구,광주,북구,153104,송?배전설비 기술자,,신입,J03402,승인,,,,,,42:15.0,42:19.0
H890202307100846,남,28,J00108,전문대학,서울,,,,621300,철도?전동차 기관사,,신입,J03402,승인,,,,,,41:28.0,41:33.0
H309202307100843,여,46,J00106,고등학교,서울,강북구,서울,,561100,청소원,10,10년0월,J03402,승인,,,,,,41:00.0,41:05.0
H301202307100841,남,61,J00100,관계없음,서울,종로구,,,624102,지하철 택배원,,신입,J03402,승인,,,,,,40:43.0,40:47.0
H309202307100817,여,71,J00106,고등학교,서울,도봉구,서울,,550104,재가 요양보호사,5,5년11월,J03404,알선,,,,,,37:14.0,37:20.0
H315202307100809,남,79,J00102,초등학교,서울,양천구,서울,,542001,아파트?빌라 경비원,,신입,J03402,승인,,,,,,35:17.0,35:17.0
H316202307100808,여,46,J00108,전문대학,서울,강서구,서울,,541903,주차 단속원 및 안전 순찰원,,신입,J03402,승인,,,,,,35:04.0,35:10.0
H320202307100804,남,69,J00106,고등학교,서울,동작구,서울,,542002,"건물 경비원(청사,학교,병원,상가,빌딩,공장 등)",0,0년6월,J03404,알선,,,,,,33:18.0,33:23.0
H317202307100800,여,63,J00104,중학교,서울,구로구,지역무관,지역무관,550104,재가 요양보호사,4,4년0월,J03404,알선,,,,,,32:53.0,31:47.0
H320202307100795,여,66,J00106,고등학교,서울,동작구,,,550104,재가 요양보호사,0,0년3월,J03404,알선,,,,,,32:01.0,32:07.0
H316202307100789,여,68,J00102,초등학교,서울,강서구,,,550104,재가 요양보호사,2,2년2월,J03404,알선,,,,,,31:19.0,31:24.0
H320202307100766,여,51,J00106,고등학교,서울,동작구,서울,,550104,재가 요양보호사,10,10년0월,J03404,알선,,,,,,27:25.0,27:29.0
H308202307100755,남,65,J00100,관계없음,서울,성북구,서울,,28307,창고 관리원(자재 검수원 포함),10,10년0월,J03402,승인,,,,,,26:16.0,26:22.0
H317202307100753,남,67,J00106,고등학교,서울,구로구,서울,영등포구,542001,아파트?빌라 경비원,1,1년0월,J03402,승인,,,,,,26:10.0,26:14.0
H321202307100752,남,47,J00110,대학_대학교,서울,관악구,서울,,29506,사무 보조원(일반사업체),,신입,J03404,알선,,,,,,26:07.0,26:12.0
H305202307100749,남,66,J00102,초등학교,서울,광진구,서울,성동구,561101,"건물 청소원(공공건물,아파트,사무실,병원,상가,공장 등)",6,6년0월,J03404,알선,,,,,,23:12.0,23:17.0
H324202307100726,여,65,J00104,중학교,서울,강동구,서울,송파구,561200,환경미화원 및 재활용품 수거원,6,6년0월,J03404,알선,,,,,,19:16.0,19:20.0
H315202307100721,여,70,J00104,중학교,서울,양천구,서울,강서구,550200,육아 도우미(베이비시터),,신입,J03405,알선대기,,,,,,18:30.0,18:33.0
H308202307100719,남,64,J00106,고등학교,서울,성북구,서울,강북구,561101,"건물 청소원(공공건물,아파트,사무실,병원,상가,공장 등)",20,20년0월,J03402,승인,,,,,,18:13.0,18:19.0
H301202307100710,남,68,J00110,대학_대학교,서울,,,,542002,"건물 경비원(청사,학교,병원,상가,빌딩,공장 등)",,신입,J03404,알선,,,,,,17:00.0,17:04.0
H315202307100701,남,68,J00106,고등학교,서울,양천구,서울,,562900,기타 서비스 단순 종사원,,신입,J03402,승인,,,,,,15:10.0,15:16.0
H118202307100700,여,66,J00104,중학교,서울,구로구,경기,광명시,561101,"건물 청소원(공공건물,아파트,사무실,병원,상가,공장 등)",,신입,J03404,알선,,,,,,13:58.0,14:03.0
H317202307100699,여,59,J00106,고등학교,서울,구로구,,,550104,재가 요양보호사,3,3년0월,J03404,알선,중국인,오후재가,재가요양,구로재가,,13:42.0,13:46.0
H325202307100694,여,65,J00108,전문대학,서울,강동구,,,561100,청소원,10,10년0월,J03404,알선,,,,,,11:49.0,11:54.0
H320202307100691,남,71,J00106,고등학교,서울,동작구,서울,,542002,"건물 경비원(청사,학교,병원,상가,빌딩,공장 등)",10,10년0월,J03404,알선,,,,,,11:18.0,11:23.0
H304202307100682,남,40,J00108,전문대학,서울,강남구,서울,서초구,532200,홀서빙원,5,5년0월,J03402,승인,회계,,,,,09:09.0,09:13.0
H310202307100677,남,62,J00104,중학교,서울,도봉구,서울,,542001,아파트?빌라 경비원,,신입,J03404,알선,,,,,,08:18.0,08:23.0
H315202307100675,여,61,J00102,초등학교,서울,양천구,,,561101,"건물 청소원(공공건물,아파트,사무실,병원,상가,공장 등)",,신입,J03404,알선,,,,,,08:06.0,08:11.0
H324202307100667,남,65,J00104,중학교,서울,송파구,서울,강남구,542002,"건물 경비원(청사,학교,병원,상가,빌딩,공장 등)",4,4년7월,J03402,승인,,,,,,05:31.0,05:37.0
H324202307100666,남,72,J00102,초등학교,서울,송파구,,,561101,"건물 청소원(공공건물,아파트,사무실,병원,상가,공장 등)",3,3년0월,J03402,승인,,,,,,05:09.0,05:13.0
H316202307100665,남,63,J00104,중학교,서울,강서구,서울,양천구,561100,청소원,8,8년0월,J03404,알선,,,,,,04:51.0,04:56.0
H304202307100656,여,55,J00104,중학교,서울,성동구,서울,,550104,재가 요양보호사,0,0년6월,J03404,알선,,,,,,01:11.0,01:11.0
H325202307100650,남,64,J00106,고등학교,서울,강동구,경기,하남시,622902,승합차 운전원,3,3년0월,J03404,알선,,,,,,00:00.0,00:04.0
H320202307100628,여,62,J00106,고등학교,서울,동작구,,,550104,재가 요양보호사,3,3년6월,J03404,알선,,,,,,56:10.0,56:14.0
H102202307100623,남,72,J00100,관계없음,서울,용산구,서울,마포구,561101,"건물 청소원(공공건물,아파트,사무실,병원,상가,공장 등)",,신입,J03404,알선,,,,,,55:19.0,55:23.0
H303202307100622,남,63,J00110,대학_대학교,서울,용산구,서울,,562902,환경 감시원,,신입,J03402,승인,,,,,,55:02.0,55:07.0
H323202307100608,여,64,J00106,고등학교,서울,,,,561100,청소원,1,1년0월,J03404,알선,,,,,,49:23.0,49:27.0
H105202307100587,여,75,J00102,초등학교,서울,관악구,,,561101,"건물 청소원(공공건물,아파트,사무실,병원,상가,공장 등)",12,12년0월,J03402,승인,,,,,,45:15.0,45:20.0
H001202307100577,여,38,J00110,대학_대학교,서울,,,,26102,마케팅?광고?홍보?상품기획 사무원,5,5년5월,J03402,승인,,,,,,40:24.0,58:27.0
H316202307100556,여,54,J00106,고등학교,서울,강서구,,,561101,"건물 청소원(공공건물,아파트,사무실,병원,상가,공장 등)",6,6년0월,J03402,승인,,,,,,33:35.0,33:39.0
H309202307100545,여,62,J00106,고등학교,서울,강북구,서울,,550104,재가 요양보호사,5,5년0월,J03404,알선,,,,,,29:09.0,29:13.0
H307202307100544,남,56,J00110,대학_대학교,서울,중랑구,서울,,26103,영업 기획?관리?지원 사무원,25,25년0월,J03402,승인,,,,,,28:44.0,28:49.0
H001202307100541,여,30,J00110,대학_대학교,서울,,경기,고양시,133300,웹 개발자,,신입,J03402,승인,,,,,,28:34.0,30:26.0
H321202307100538,여,60,J00106,고등학교,서울,관악구,서울,전체,561101,"건물 청소원(공공건물,아파트,사무실,병원,상가,공장 등)",20,20년0월,J03402,승인,,,,,,28:25.0,44:34.0
H001202307100536,남,53,J00106,고등학교,서울,관악구,서울,동작구,814002,건물용 냉난방 설비 조작원,15,15년0월,J03404,알선,,,,,,28:23.0,32:29.0
H324202307100526,남,61,J00104,중학교,서울,송파구,,,702501,도배공,,신입,J03402,승인,,,,,,26:59.0,27:03.0
H307202307100519,여,57,J00106,고등학교,서울,중랑구,서울,,550104,재가 요양보호사,0,0년3월,J03404,알선,,,,,,22:57.0,23:01.0
H001202307100514,남,58,J00106,고등학교,서울,구로구,서울,영등포구,622904,주차 운전원,7,7년0월,J03402,승인,,,,,,20:31.0,22:29.0
H001202307100507,남,22,J00106,고등학교,서울,강서구,인천,남동구,532203,주점?커피숍 서빙원,,신입,J03402,승인,,,,,,19:48.0,26:42.0
H305202307100500,남,20,J00110,대학_대학교,서울,,인천,,304000,간호사,,신입,J03402,승인,,,,,,18:40.0,18:45.0
H315202307100488,남,67,J00110,대학_대학교,서울,양천구,서울,,622902,승합차 운전원,,신입,J03404,알선,,,,,,16:59.0,17:03.0
H318202307100483,여,68,J00104,중학교,서울,금천구,,,550104,재가 요양보호사,10,10년0월,J03404,알선,,,,,,16:18.0,16:21.0
H316202307100480,여,54,J00110,대학_대학교,서울,강서구,서울,구로구,306502,작업치료사,25,25년9월,J03402,승인,,,,,,14:19.0,14:24.0
H324202307100479,여,61,J00106,고등학교,경기,하남시,서울,강동구,890000,제조 단순 종사원,20,20년0월,J03404,알선,,,,,,14:12.0,14:17.0
H324202307100474,남,63,J00110,대학_대학교,서울,,,,542000,경비원(건물 관리원),,신입,J03402,승인,,,,,,08:08.0,08:13.0
H315202307100462,여,66,J00106,고등학교,서울,강서구,서울,양천구,550104,재가 요양보호사,2,2년0월,J03404,알선,,,,,,02:00.0,02:04.0
H304202307100425,남,66,J00114,박사과정,서울,성동구,서울,,542001,아파트?빌라 경비원,4,4년0월,J03404,알선,,,,,,36:03.0,36:06.0
H001202307090785,여,26,J00110,대학_대학교,경기,수원시,경기,화성시,26303,학교행정 사무원(교무),,신입,J03404,알선,,,,,,09:32.0,21:59.0
H001202307090544,여,56,J00106,고등학교,서울,도봉구,서울,강북구,231101,사회복지사(사회복지시설),,신입,J03402,승인,,,,,,47:56.0,46:47.0
H001202307090519,여,54,J00106,고등학교,서울,구로구,,,561101,"건물 청소원(공공건물,아파트,사무실,병원,상가,공장 등)",,신입,J03404,알선,,,,,,26:07.0,06:48.0
H001202307090346,남,31,J00108,전문대학,서울,,서울,양천구,28300,자재?구매?물류 사무원,,신입,J03404,알선,,,,,,44:28.0,45:10.0
H001202307090238,여,25,J00110,대학_대학교,서울,강남구,서울,서초구,24102,마케팅 전문가,,신입,J03402,승인,,,,,,50:43.0,27:49.0
H001202307080715,남,63,J00110,대학_대학교,서울,동대문구,서울,중구,542000,경비원(건물 관리원),,신입,J03402,승인,경비원,주차관리,공인중개사,,,34:49.0,15:04.0
H001202307080669,남,25,J00110,대학_대학교,서울,중구,서울,강북구,27207,경리 사무원(아파트?빌딩),,신입,J03404,알선,,,,,,42:29.0,39:18.0
H001202307080624,남,25,J00110,대학_대학교,경기,고양시,서울,은평구,231100,사회복지사,,신입,J03402,승인,,,,,,08:41.0,37:10.0
H001202307080604,여,40,J00108,전문대학,서울,도봉구,서울,노원구,231100,사회복지사,1,1년0월,J03404,알선,,,,,,38:46.0,22:45.0
H001202307080597,남,64,J00112,석사과정,서울,관악구,서울,강남구,542000,경비원(건물 관리원),1,1년0월,J03402,승인,,,,,,33:11.0,24:57.0
H001202307080545,남,53,J00106,고등학교,서울,,경기,,612401,식품?주류 영업원,28,28년0월,J03402,승인,적극적,활동적,꼼꼼함,긍정적,원만함,36:09.0,52:15.0
H001202307080484,남,42,J00110,대학_대학교,서울,금천구,서울,관악구,561200,환경미화원 및 재활용품 수거원,,신입,J03402,승인,,,,,,28:57.0,18:24.0
H001202307080404,여,41,J00110,대학_대학교,서울,노원구,서울,종로구,32401,출납창구 사무원(은행?농협?수협?축협),10,10년0월,J03402,승인,,,,,,45:02.0,50:45.0
H001202307080396,여,58,J00110,대학_대학교,서울,은평구,서울,서대문구,29500,전산자료 입력원 및 사무 보조원,1,1년0월,J03402,승인,,,,,,19:59.0,18:28.0
H001202307080379,여,35,J00106,고등학교,서울,,,,26301,총무 및 일반 사무원,7,7년7월,J03402,승인,,,,,,03:49.0,25:48.0
H001202307080327,남,64,J00106,고등학교,서울,,경기,,532302,단체 급식 보조원,,신입,J03402,승인,,,,,,15:36.0,18:01.0
H001202307080306,여,59,J00110,대학_대학교,서울,,서울,마포구,231100,사회복지사,0,0년11월,J03402,승인,,,,,,35:53.0,47:19.0
H001202307080020,남,54,J00110,대학_대학교,서울,,경기,부천시,26102,마케팅?광고?홍보?상품기획 사무원,10,10년0월,J03402,승인,,,,,,48:07.0,13:22.0
H001202307072766,남,26,J00110,대학_대학교,서울,,,,13600,예술?디자인?방송 관리자(부서장),,신입,J03402,승인,,,,,,08:32.0,28:17.0
H001202307072589,여,25,J00110,대학_대학교,서울,구로구,서울,금천구,231100,사회복지사,1,1년0월,J03402,승인,,,,,,13:50.0,34:03.0
H001202307072284,여,49,J00110,대학_대학교,서울,,,,231400,직업상담사,6,6년7월,J03402,승인,,,,,,58:17.0,48:54.0
H321202307071569,여,64,J00104,중학교,서울,관악구,지역무관,지역무관,550104,재가 요양보호사,0,0년8월,J03404,알선,,,,,,18:14.0,55:12.0
H307202307071441,남,63,J00104,중학교,서울,중랑구,서울,광진구,415203,가방?신발?엑세서리 디자이너,40,40년0월,J03404,알선,,,,,,53:03.0,48:38.0
H306202307070782,남,70,J00106,고등학교,서울,동대문구,서울,전체,561100,청소원,0,신입,J03402,승인,,,,,,55:31.0,41:24.0
H001202307070753,남,49,J00106,고등학교,서울,,,,561101,"건물 청소원(공공건물,아파트,사무실,병원,상가,공장 등)",,신입,J03402,승인,,,,,,47:13.0,44:20.0
H321202307061689,여,58,J00106,고등학교,서울,관악구,지역무관,지역무관,550104,재가 요양보호사,3,3년0월,J03404,알선,,,,,,26:11.0,31:16.0
H321202307061057,남,63,J00106,고등학교,서울,관악구,서울,,622202,관광 및 통근?통학?학원 및 기타 버스 운전원,,신입,J03404,알선,,,,,,47:54.0,59:14.0
H324202307060580,남,66,J00112,석사과정,서울,송파구,서울,전체,542004,"기타 건물 관리원(공원, 종교시설 등)",10,10년0월,J03405,알선대기,,,,,,04:32.0,29:09.0
H001202307051827,남,73,J00106,고등학교,서울,양천구,서울,강서구,542001,아파트?빌라 경비원,14,14년0월,J03402,승인,,,,,,44:52.0,23:47.0
H311202307051597,여,62,J00104,중학교,서울,노원구,서울,전체,561101,"건물 청소원(공공건물,아파트,사무실,병원,상가,공장 등)",1,1년0월,J03404,알선,,,,,,11:04.0,54:17.0
H322202307051420,남,44,J00106,고등학교,서울,서초구,서울,강남구,542000,경비원(건물 관리원),,신입,J03404,알선,,,,,,32:08.0,36:36.0
H319202307033181,여,63,J00104,중학교,서울,영등포구,서울,동작구,550104,재가 요양보호사,9,9년0월,J03404,알선,신길,대림,신풍,오후,,23:30.0,02:58.0
H320202307032592,여,64,J00106,고등학교,서울,동작구,지역무관,지역무관,550104,재가 요양보호사,2,2년0월,J03404,알선,,,,,,43:32.0,32:08.0
H001202307030799,남,62,J00108,전문대학,서울,,,,561100,청소원,1,1년7월,J03405,알선대기,청소,경비,방역,노무,,32:28.0,51:52.0
H318202306301352,여,57,J00104,중학교,서울,금천구,,,550104,재가 요양보호사,8,8년0월,J03404,알선,,,,,,35:07.0,09:53.0
H001202306301202,여,43,J00110,대학_대학교,서울,강동구,서울,송파구,231400,직업상담사,1,1년0월,J03402,승인,직업상담사,,,,,01:08.0,00:21.0
H307202306300820,남,63,J00104,중학교,서울,중랑구,서울,전체,561101,"건물 청소원(공공건물,아파트,사무실,병원,상가,공장 등)",0,신입,J03404,알선,,,,,,46:08.0,44:39.0
H316202306300533,여,63,J00104,중학교,서울,강서구,서울,전체,561101,"건물 청소원(공공건물,아파트,사무실,병원,상가,공장 등)",5,5년0월,J03404,알선,,,,,,25:34.0,12:21.0
H001202306282863,남,64,J00108,전문대학,서울,,경기,남양주시,832900,기타 전기?전자 기기 설치?수리원,,신입,J03404,알선,전자기기,기타 전기?전자 기기 설치?수리원,무용 전자기기 설치?수리원(컴퓨터 제외),전기 부품?제품 생산기계 조작원,,37:26.0,24:51.0
H321202306282216,남,31,J00110,대학_대학교,서울,전체,경기,전체,26305,협회?회원단체 사무원,0,0년10월,J03402,승인,,,,,,52:59.0,01:59.0
H001202306281670,남,25,J00108,전문대학,서울,은평구,서울,종로구,25500,공공행정 사무원,0,신입,J03402,승인,,,,,,52:09.0,05:22.0
H324202306281645,남,61,J00104,중학교,서울,송파구,서울,강동구,562300,주차 관리?안내원,0,신입,J03404,알선,,,,,,45:36.0,09:17.0
H321202306281421,여,60,J00106,고등학교,서울,관악구,,,550104,재가 요양보호사,10,10년0월,J03404,알선,,,,,,01:58.0,06:00.0
H309202306281186,남,49,J00106,고등학교,서울,강북구,서울,노원구,541901,보안 관제원(경비 관제원),0,신입,J03404,알선,,,,,,59:49.0,02:44.0
H001202306260779,남,65,J00106,고등학교,서울,,,,542004,"기타 건물 관리원(공원, 종교시설 등)",10,10년0월,J03404,알선,매장 관리,기획,영업,,,13:51.0,30:08.0
H323202306232205,여,30,J00110,대학_대학교,서울,전체,경기,고양시,28100,무역 사무원,0,신입,J03404,알선,,,,,,54:53.0,54:23.0
H307202306231127,여,51,J00104,중학교,서울,노원구,서울,중랑구,561101,"건물 청소원(공공건물,아파트,사무실,병원,상가,공장 등)",2,2년0월,J03402,승인,,,,,,04:22.0,53:24.0
H311202306230418,여,65,J00110,대학_대학교,서울,노원구,서울,전체,13901,부동산?임대업 관리자,26,26년0월,J03404,알선,"상. 3.4등급 ,전후. 여자만. 인근도보만.",재가요양,12.13.14단지만,,,15:44.0,19:15.0
H307202306222227,여,50,J00106,고등학교,서울,중랑구,서울,노원구,550104,재가 요양보호사,0,0년6월,J03404,알선,,,,,,04:35.0,45:15.0
H307202306221962,여,40,J00106,고등학교,서울,중랑구,서울,전체,29104,데스크 안내원,1,1년0월,J03404,알선,,,,,,06:21.0,03:08.0
H317202306220614,남,66,J00106,고등학교,서울,구로구,서울,양천구,542000,경비원(건물 관리원),0,신입,J03402,승인,,,,,,14:39.0,58:31.0
H318202306212242,여,61,J00106,고등학교,서울,금천구,지역무관,지역무관,550104,재가 요양보호사,10,10년2월,J03404,알선,,,,,,07:15.0,59:16.0
H001202306211332,남,37,J00110,대학_대학교,서울,용산구,서울,영등포구,29506,사무 보조원(일반사업체),5,5년10월,J03402,승인,성실,사무,인재,공공,교육,53:24.0,07:00.0
H324202306201509,남,61,J00102,초등학교,경기,파주시,지역무관,지역무관,542002,"건물 경비원(청사,학교,병원,상가,빌딩,공장 등)",0,신입,J03402,승인,,,,,,18:22.0,29:19.0
H315202306200645,여,66,J00106,고등학교,서울,양천구,서울,강서구,561100,청소원,3,3년0월,J03404,알선,,,,,,29:40.0,02:34.0
H321202306160627,여,69,J00104,중학교,서울,관악구,서울,전체,531201,한식 조리사(일반 음식점),30,30년0월,J03402,승인,,,,,,10:44.0,36:59.0
H320202306142175,남,60,J00110,대학_대학교,서울,동작구,서울,서초구,542002,"건물 경비원(청사,학교,병원,상가,빌딩,공장 등)",,신입,J03404,알선,,,,,,05:15.0,32:52.0
H312202306132944,남,63,J00106,고등학교,서울,전체,서울,종로구,901500,조경원,1,1년6월,J03402,승인,,,,,,29:28.0,40:32.0
H323202306132735,여,54,J00110,대학_대학교,서울,강남구,서울,송파구,232100,보육 교사,6,6년0월,J03404,알선,,,,,,15:02.0,00:37.0
H317202306131699,여,54,J00106,고등학교,서울,구로구,서울,전체,550103,시설 요양보호사(노인요양사),0,신입,J03404,알선,,,,,,15:43.0,54:16.0
H308202306130937,남,76,J00104,중학교,서울,성북구,서울,,214402,음악 강사,20,20년0월,J03404,알선,,,,,,17:18.0,08:53.0
H001202306121574,여,48,J00108,전문대학,서울,전체,지역무관,지역무관,550103,시설 요양보호사(노인요양사),0,신입,J03404,알선,,,,,,50:40.0,49:27.0
H308202306120799,여,63,J00104,중학교,서울,성북구,서울,전체,531204,병원 급식 조리사,0,0년6월,J03404,알선,,,,,,34:34.0,58:37.0
H317202306120673,여,60,J00106,고등학교,서울,금천구,서울,구로구,550104,재가 요양보호사,0,0년5월,J03404,알선,,,,,,14:48.0,32:32.0
H324202306091713,남,51,J00112,석사과정,경기,남양주시,경기,구리시,702600,건물 도장공,0,신입,J03404,알선,,,,,,24:19.0,20:29.0
H318202306072796,여,68,J00104,중학교,서울,금천구,,,550104,재가 요양보호사,8,8년0월,J03404,알선,,,,,,49:15.0,28:48.0
H319202306072072,여,64,J00102,초등학교,서울,영등포구,서울,전체,532302,단체 급식 보조원,0,신입,J03404,알선,,,,,,52:45.0,41:16.0
H316202306071011,여,36,J00106,고등학교,서울,강서구,서울,전체,836000,전기?전자 부품?제품 조립원,1,1년0월,J03404,알선,,,,,,16:03.0,30:08.0
H307202306022581,남,49,J00106,고등학교,서울,중랑구,서울,전체,542002,"건물 경비원(청사,학교,병원,상가,빌딩,공장 등)",0,신입,J03402,승인,,,,,,51:20.0,47:29.0
H319202306011393,여,61,J00110,대학_대학교,서울,영등포구,서울,구로구,550200,육아 도우미(베이비시터),3,3년0월,J03404,알선,,,,,,15:07.0,59:14.0
H325202305300855,여,50,J00106,고등학교,서울,강동구,서울,송파구,29506,사무 보조원(일반사업체),,신입,J03405,알선대기,,,,,,19:53.0,49:16.0
H322202305232541,여,55,J00106,고등학교,서울,서초구,서울,전체,25500,공공행정 사무원,0,신입,J03402,승인,,,,,,17:23.0,19:13.0
H001202305162803,남,31,J00106,고등학교,서울,,서울,금천구,29500,전산자료 입력원 및 사무 보조원,,신입,J03404,알선,,,,,,44:23.0,59:00.0
H001202305161277,남,38,J00110,대학_대학교,서울,용산구,서울,마포구,542002,"건물 경비원(청사,학교,병원,상가,빌딩,공장 등)",0,신입,J03404,알선,,,,,,01:54.0,11:13.0
H316202305152885,여,71,J00106,고등학교,서울,강서구,서울,전체,561101,"건물 청소원(공공건물,아파트,사무실,병원,상가,공장 등)",20,20년0월,J03404,알선,,,,,,21:03.0,51:12.0
H001202305120485,남,61,J00108,전문대학,서울,,경기,,28307,창고 관리원(자재 검수원 포함),23,23년0월,J03404,알선,창고 관리원(자재 검수원 포함),경비원(건물 관리원),식품 분야 단순 종사원,,,45:17.0,09:10.0
H324202305112254,여,55,J00106,고등학교,서울,송파구,지역무관,지역무관,561101,"건물 청소원(공공건물,아파트,사무실,병원,상가,공장 등)",1,1년0월,J03404,알선,,,,,,54:34.0,50:42.0
H001202305090001,남,57,J00108,전문대학,서울,영등포구,서울,양천구,15100,영업?판매 관리자,30,30년0월,J03404,알선,,,,,,04:49.0,04:55.0
H301202305022381,남,60,J00106,고등학교,서울,성북구,서울,전체,541900,기타 경호?보안 종사원,0,신입,J03404,알선,,,,,,02:11.0,49:12.0
H001202304202365,여,34,J00112,석사과정,지역무관,지역무관,,,215102,교재?교구 및 e-learning 교육 전문가,3,3년0월,J03402,승인,스피치,취업교육,교육기획,문화예술강의,보컬,37:32.0,08:33.0
H311202304201914,여,69,J00106,고등학교,서울,노원구,서울,강남구,561101,"건물 청소원(공공건물,아파트,사무실,병원,상가,공장 등)",17,17년0월,J03404,알선,"건물청소, 학교. 병원.","새벽, 병원.",,,,11:46.0,29:07.0
H324202304181331,여,64,J00104,중학교,서울,송파구,서울,전체,550104,재가 요양보호사,5,5년0월,J03404,알선,,,,,,33:58.0,01:57.0
H001202304180959,여,58,J00110,대학_대학교,서울,관악구,서울,영등포구,231100,사회복지사,1,1년3월,J03404,알선,,,,,,44:22.0,46:53.0
H321202304141385,여,63,J00106,고등학교,서울,관악구,서울,전체,232901,노인 생활지도원,0,신입,J03404,알선,,,,,,13:19.0,29:37.0
H307202304140562,남,54,J00110,대학_대학교,서울,전체,,,622301,경?소형 화물차 운전원,0,신입,J03404,알선,,,,,,31:20.0,24:08.0
